-- MySQL dump 10.13  Distrib 8.0.19, for Win64 (x86_64)
--
-- Host: localhost    Database: ecommerceconceptbpo
-- ------------------------------------------------------
-- Server version	5.5.5-10.4.32-MariaDB

/*!40101 SET @OLD_CHARACTER_SET_CLIENT=@@CHARACTER_SET_CLIENT */;
/*!40101 SET @OLD_CHARACTER_SET_RESULTS=@@CHARACTER_SET_RESULTS */;
/*!40101 SET @OLD_COLLATION_CONNECTION=@@COLLATION_CONNECTION */;
/*!50503 SET NAMES utf8mb4 */;
/*!40103 SET @OLD_TIME_ZONE=@@TIME_ZONE */;
/*!40103 SET TIME_ZONE='+00:00' */;
/*!40014 SET @OLD_UNIQUE_CHECKS=@@UNIQUE_CHECKS, UNIQUE_CHECKS=0 */;
/*!40014 SET @OLD_FOREIGN_KEY_CHECKS=@@FOREIGN_KEY_CHECKS, FOREIGN_KEY_CHECKS=0 */;
/*!40101 SET @OLD_SQL_MODE=@@SQL_MODE, SQL_MODE='NO_AUTO_VALUE_ON_ZERO' */;
/*!40111 SET @OLD_SQL_NOTES=@@SQL_NOTES, SQL_NOTES=0 */;

--
-- Table structure for table `categories`
--

DROP TABLE IF EXISTS `categories`;
/*!40101 SET @saved_cs_client     = @@character_set_client */;
/*!50503 SET character_set_client = utf8mb4 */;
CREATE TABLE `categories` (
  `CategoryID` int(11) NOT NULL AUTO_INCREMENT,
  `CategoryName` varchar(100) NOT NULL,
  `Description` text DEFAULT NULL,
  `CreatedAt` timestamp NOT NULL DEFAULT current_timestamp(),
  `UpdatedAt` timestamp NOT NULL DEFAULT current_timestamp() ON UPDATE current_timestamp(),
  PRIMARY KEY (`CategoryID`)
) ENGINE=InnoDB AUTO_INCREMENT=101 DEFAULT CHARSET=utf8mb4 COLLATE=utf8mb4_general_ci;
/*!40101 SET character_set_client = @saved_cs_client */;

--
-- Dumping data for table `categories`
--

LOCK TABLES `categories` WRITE;
/*!40000 ALTER TABLE `categories` DISABLE KEYS */;
INSERT INTO `categories` VALUES (1,'how','Day beyond into policy. Trial page address political wait church no. Fire tree me some election money explain.','2024-07-22 03:10:12','2024-07-22 03:10:12'),(2,'sometimes','Vote life staff want inside. Hair decade soon fast break interview. Management final crime it.\nCareer project like word beat hear. Rate movie market also long degree office.','2024-07-22 03:10:12','2024-07-22 03:10:12'),(3,'own','Stage blood project responsibility man alone. Nation national early. New describe physical something. Social media break hit wind idea.','2024-07-22 03:10:12','2024-07-22 03:10:12'),(4,'break','Speech heavy result data note rich rock edge. News suddenly president deal. Choose Democrat all item ten agree.','2024-07-22 03:10:12','2024-07-22 03:10:12'),(5,'very','Wear development rate international choose. Police service often language fast cold.\nA read wait. Let drug especially these left during owner. Often particular toward visit concern true beyond.','2024-07-22 03:10:12','2024-07-22 03:10:12'),(6,'administration','Amount light can control color. Operation four nice budget.\nImportant myself run long year. Top thousand model. Will one child.','2024-07-22 03:10:12','2024-07-22 03:10:12'),(7,'course','Describe central government morning present history. Soldier any marriage cut within decade class pull.','2024-07-22 03:10:12','2024-07-22 03:10:12'),(8,'him','Seven during enjoy within good. Character for environmental performance discover wait notice. Money than type time cause.\nDaughter week shoulder step quality. Since start tax this report.','2024-07-22 03:10:12','2024-07-22 03:10:12'),(9,'big','Theory back ability rule. Everyone whether there training by.\nAll however situation listen foreign church recognize. Level full admit choose nearly goal.','2024-07-22 03:10:12','2024-07-22 03:10:12'),(10,'former','Interest from bank character fish. Outside be less soon environment serious civil.\nBed good on sing team wall remain. Do whole station myself stock.\nAny similar seat clear. Any perhaps her rock hair.','2024-07-22 03:10:12','2024-07-22 03:10:12'),(11,'for','Last organization star student part interesting. Only stay finally carry shake glass.\nEnergy fund senior most available face. Thus dog claim commercial hard against. Either tend billion medical.','2024-07-22 03:10:12','2024-07-22 03:10:12'),(12,'position','Space camera another great. President natural data among lot. Picture century wide religious nice him. This until according expect benefit require same.','2024-07-22 03:10:12','2024-07-22 03:10:12'),(13,'home','Where success book according minute race show pattern. None affect science call poor customer. Individual capital law organization already yes fall.\nAccount position level. Government note director.','2024-07-22 03:10:12','2024-07-22 03:10:12'),(14,'animal','Source since table up. You beat as door couple little.\nAir capital significant name thousand region. Data improve article class federal.\nSee short whole simple follow rule. Defense despite type.','2024-07-22 03:10:12','2024-07-22 03:10:12'),(15,'wonder','Others hundred deep interview course for. Buy parent would concern.\nDespite fight season. Night share view figure true. Wear could before building why sign ground authority.','2024-07-22 03:10:12','2024-07-22 03:10:12'),(16,'road','Include choice them head poor. Woman remember find information.\nTv from least tell. Involve hot they.','2024-07-22 03:10:12','2024-07-22 03:10:12'),(17,'scientist','Industry some for field play safe bag. Until hair cover walk difference real pull interest. Medical break friend skill threat treatment.\nHe friend message. Keep letter identify analysis.','2024-07-22 03:10:12','2024-07-22 03:10:12'),(18,'agreement','Yard within traditional determine voice. Partner late analysis eat animal necessary affect. Economic opportunity stay seek anyone message.','2024-07-22 03:10:12','2024-07-22 03:10:12'),(19,'toward','Ten hair new stop. Language think health real star him person process. Discover Democrat bank detail miss family walk order.','2024-07-22 03:10:12','2024-07-22 03:10:12'),(20,'themselves','Standard teacher one computer view during. Green show financial nothing because.\nDrug product help tree point describe. Network beat three.','2024-07-22 03:10:12','2024-07-22 03:10:12'),(21,'company','Increase shoulder million focus our share there. Responsibility follow little stock others.\nSocial around take determine could but. Unit though especially very turn pay. Herself song event.','2024-07-22 03:10:12','2024-07-22 03:10:12'),(22,'to','Relate rich community feel. Space within left black often.\nPut politics how assume what. Police control blue but. Wind ok commercial long. Can budget outside product huge whatever guess.','2024-07-22 03:10:12','2024-07-22 03:10:12'),(23,'hard','Another way many fly everyone play start challenge. Miss across concern this.','2024-07-22 03:10:12','2024-07-22 03:10:12'),(24,'federal','Letter research case than. Firm specific easy force everybody. Though current discuss government set clear.\nAlways others hope west decade enough.','2024-07-22 03:10:12','2024-07-22 03:10:12'),(25,'responsibility','Building beat show develop than through focus. Event line yourself husband weight range. Position thought against power box.','2024-07-22 03:10:12','2024-07-22 03:10:12'),(26,'protect','Best tree remember central and last. Start hundred street without plant free.\nType majority team even glass leg. He floor a town drive.','2024-07-22 03:10:12','2024-07-22 03:10:12'),(27,'everybody','Network form since population perhaps development think. Among office around how set west third. Him election could property month surface.','2024-07-22 03:10:12','2024-07-22 03:10:12'),(28,'believe','Behavior develop go. Data so happy try person. Leg concern city seat keep ahead lot name. Police low method Mrs attack trade wife.','2024-07-22 03:10:12','2024-07-22 03:10:12'),(29,'I','Cold nearly poor better vote. Article doctor health list tree type whole.\nEverything view tell each meet us.','2024-07-22 03:10:12','2024-07-22 03:10:12'),(30,'adult','Nearly realize school could officer. Nor everyone billion beat foreign.\nHold term real. Send mean major tax American. Some her play. Good sit central pick quite professor.','2024-07-22 03:10:12','2024-07-22 03:10:12'),(31,'want','Far executive me sense. Poor shake wonder. Current just space land.\nOff responsibility central oil stay every if tax. Into you answer level current many.','2024-07-22 03:10:12','2024-07-22 03:10:12'),(32,'effect','Which although cut work leader weight goal. Bill daughter view. Dark line write east hair need rest. Soon open else also term.','2024-07-22 03:10:12','2024-07-22 03:10:12'),(33,'mouth','Language property program house responsibility believe. New create per sometimes beautiful. Issue job situation last author guy let if.','2024-07-22 03:10:12','2024-07-22 03:10:12'),(34,'great','Someone article check five. Difficult free can.\nTrue push list professor space. Professional maybe energy letter partner her garden.','2024-07-22 03:10:12','2024-07-22 03:10:12'),(35,'some','Per rule grow over pick. Order century glass the.\nAlmost factor true carry learn institution hundred address.','2024-07-22 03:10:12','2024-07-22 03:10:12'),(36,'mouth','Account training drop bring build. Ever kitchen raise and. Debate as general.\nFirst sister five create your. If though eight organization. Pressure sometimes back laugh.','2024-07-22 03:10:12','2024-07-22 03:10:12'),(37,'likely','Else produce actually wish. Several sound something image trial through Mr.\nKid member customer Republican. Home actually politics research most data thousand. Ready firm world television concern.','2024-07-22 03:10:12','2024-07-22 03:10:12'),(38,'need','Prevent now second. History medical participant significant.\nTough word speak perhaps feel land paper continue. Color move might occur which. Baby check suggest however.','2024-07-22 03:10:12','2024-07-22 03:10:12'),(39,'himself','At challenge nor performance exactly ground seem. Apply meeting will run road.\nDirection approach investment culture may focus.','2024-07-22 03:10:12','2024-07-22 03:10:12'),(40,'memory','Former either during this interesting such. Ask start herself mind bank base put.','2024-07-22 03:10:12','2024-07-22 03:10:12'),(41,'open','Price let available hard find tell. You analysis small many fire scientist. Step sport message.\nCar expert stage dream culture career ten.\nBuilding ahead design baby which fund. Future fine role.','2024-07-22 03:10:12','2024-07-22 03:10:12'),(42,'financial','Now consider space morning price serve.\nLike color phone idea through probably. Interest hold along sure fund skin agent smile.\nMaybe action throw consider young.','2024-07-22 03:10:12','2024-07-22 03:10:12'),(43,'star','Trip white bit statement forget. Miss mouth show family environmental. Interest old writer left ask.','2024-07-22 03:10:12','2024-07-22 03:10:12'),(44,'health','Push dream create firm. Rather add soldier speech.\nSpecial operation police tonight. Modern commercial story bag. Important piece structure water.','2024-07-22 03:10:12','2024-07-22 03:10:12'),(45,'east','Draw represent west training song great rise quality. Already would item arrive painting all.\nFight whom body. Rest management piece push medical military. Admit baby state glass check travel set.','2024-07-22 03:10:12','2024-07-22 03:10:12'),(46,'establish','American which ball science which. Heart finish worry significant.\nShe anything standard stay collection rest job. Second agent project song play financial.','2024-07-22 03:10:12','2024-07-22 03:10:12'),(47,'listen','Address respond agreement seek kid move performance general. Me pass actually national.\nProcess child nation significant executive. Poor near list he. Reality sometimes current pattern.','2024-07-22 03:10:12','2024-07-22 03:10:12'),(48,'personal','Everything exist agency few fire situation central. Result field those.\nMost take of central effort these. Table wait before late important. General world particular power.','2024-07-22 03:10:12','2024-07-22 03:10:12'),(49,'dream','Watch economy with city husband Mrs. Office see list military everything imagine. Detail break wish power share people.','2024-07-22 03:10:12','2024-07-22 03:10:12'),(50,'yeah','Not various magazine land garden. Talk particularly between story when knowledge each military. Respond various purpose.\nSister prevent investment letter. Great tough seem discover fight.','2024-07-22 03:10:12','2024-07-22 03:10:12'),(51,'often','Camera account determine world drive four. Push raise school represent either.\nPass recent this recognize manager.','2024-07-22 03:10:12','2024-07-22 03:10:12'),(52,'image','Manage federal population yet account while. Light chance American writer operation my almost.','2024-07-22 03:10:12','2024-07-22 03:10:12'),(53,'its','Impact federal fact board also expect various. Could likely character purpose really likely. Artist car give body institution north science.\nPerhaps part speech pick writer score.','2024-07-22 03:10:12','2024-07-22 03:10:12'),(54,'guy','Moment act hold design do politics hundred. Require collection try hope return. Example dinner city visit.','2024-07-22 03:10:12','2024-07-22 03:10:12'),(55,'carry','Chance day grow member measure sport space. Difficult simple small seat support race specific picture.\nReady section something want apply any job. Item assume image sit require.','2024-07-22 03:10:12','2024-07-22 03:10:12'),(56,'fish','Attention administration art team heart carry develop. List ok game little growth wind level rate.','2024-07-22 03:10:12','2024-07-22 03:10:12'),(57,'easy','Why lead success. During after activity to. Different population building six.\nOld plan religious interview something reach. Support remain traditional we several degree imagine.','2024-07-22 03:10:12','2024-07-22 03:10:12'),(58,'set','Final approach rate six ground never produce fast. Man player ball size skin world north. Full range would money memory inside seem style.','2024-07-22 03:10:12','2024-07-22 03:10:12'),(59,'purpose','Human page bit billion far. Perhaps break employee key fire.\nLong work yes color off according. Agreement deep travel bring individual up. Product media everything medical history poor change.','2024-07-22 03:10:12','2024-07-22 03:10:12'),(60,'light','White anything the between stock. Check feeling answer western.\nInvolve view notice throw region space defense.\nBy difficult write light trial. Live exist population what American moment effort.','2024-07-22 03:10:12','2024-07-22 03:10:12'),(61,'wall','Team night share. Fly chair task want other detail compare.\nWrong under of spend save. Class day citizen service. Rule consider ball she choice as left. Page range heavy realize contain.','2024-07-22 03:10:12','2024-07-22 03:10:12'),(62,'city','Baby use reality. Thought cover third ready war.\nOnto green however one us if she professor. Team director past.\nInvolve result phone option focus. Interest town I attack travel.','2024-07-22 03:10:12','2024-07-22 03:10:12'),(63,'consider','Term small service yes plan participant. Himself claim born nature. Seven kitchen number carry trip realize.\nCause respond memory involve. Quality subject one radio available size protect main.','2024-07-22 03:10:12','2024-07-22 03:10:12'),(64,'return','Happy those bill. Remember form each sort mouth. Nation ground art argue name next create. Whose show difference result.','2024-07-22 03:10:12','2024-07-22 03:10:12'),(65,'mean','Age reach low. Participant real data they job without defense.\nKeep use across husband claim another than western. Few question air success. Early hard especially someone huge spend data.','2024-07-22 03:10:12','2024-07-22 03:10:12'),(66,'especially','Best she apply statement. Catch since great leg free.\nJoin cause piece yard present rock happen. Traditional employee risk. Majority step exist my agree music.','2024-07-22 03:10:12','2024-07-22 03:10:12'),(67,'hit','Miss space debate oil campaign late dream sell. Left while attorney be open fill special. Rock cut space yet town might.','2024-07-22 03:10:12','2024-07-22 03:10:12'),(68,'so','Population TV old cell. Hear whom indeed way. Perhaps need adult. Along theory high western moment child bad those.','2024-07-22 03:10:12','2024-07-22 03:10:12'),(69,'serious','Store performance local task charge interesting sea force. Style at task wonder do matter. Your identify indeed value.','2024-07-22 03:10:12','2024-07-22 03:10:12'),(70,'drug','Talk question none talk approach build relate. Loss subject job machine center newspaper number almost. Film story not.\nHome half garden material heavy general enjoy. Campaign attorney economy.','2024-07-22 03:10:12','2024-07-22 03:10:12'),(71,'town','Its present perform whether commercial modern manage. Of its serious itself college phone.\nWest of yourself information choice color run. Night stage citizen main more.','2024-07-22 03:10:12','2024-07-22 03:10:12'),(72,'Democrat','Policy whole kid national. Bar figure everyone gas only. Reality water yourself my. Apply account hope team technology himself cup.','2024-07-22 03:10:12','2024-07-22 03:10:12'),(73,'law','Either throughout get personal. Prepare society writer build.\nOnto medical outside religious.\nGreen material compare operation challenge show now. Sign he energy threat.','2024-07-22 03:10:12','2024-07-22 03:10:12'),(74,'movement','Church heart lot television head your say. Receive offer international toward low cold land successful. Material take land along idea health good.','2024-07-22 03:10:12','2024-07-22 03:10:12'),(75,'young','Behavior family majority prepare cut smile. Marriage lawyer figure. Southern like throughout.\nHigh a official agent page. Out stuff world arm health measure. Expect approach share person let.','2024-07-22 03:10:12','2024-07-22 03:10:12'),(76,'forget','Bad hundred nature key. Which sign public. Mrs concern shoulder society stand.\nEasy religious garden reveal. Source paper action.','2024-07-22 03:10:12','2024-07-22 03:10:12'),(77,'who','Light use of wife doctor gun. Yard process church attention activity note test.\nFly fact technology car should loss available few. Think gun probably.','2024-07-22 03:10:12','2024-07-22 03:10:12'),(78,'who','White explain prevent oil. Phone end although rule either relate.\nForget must offer adult international. My all more story.','2024-07-22 03:10:12','2024-07-22 03:10:12'),(79,'language','Lead cover trouble social friend half book.\nAffect budget turn. Lawyer central until at politics into. More yet day begin city.','2024-07-22 03:10:12','2024-07-22 03:10:12'),(80,'model','Type respond several individual health director finally. Bed drive market lay point.','2024-07-22 03:10:12','2024-07-22 03:10:12'),(81,'security','Ground fish anyone even fall change like join. Cost point begin huge how fight despite. Coach outside we safe cause represent good federal.','2024-07-22 03:10:12','2024-07-22 03:10:12'),(82,'cover','Table word along Mrs provide feeling others.\nOnce natural whatever. Produce herself certainly event.\nAt year business.','2024-07-22 03:10:12','2024-07-22 03:10:12'),(83,'because','Loss design necessary fire. That table her car look food lot.\nParticipant commercial according occur. Office himself phone sense threat notice record. Bag kind answer half just card message.','2024-07-22 03:10:12','2024-07-22 03:10:12'),(84,'field','Training can eye entire now pattern board on. Yeah culture I of property in research.\nPerform figure hard. Compare nature couple. Away recent eye listen.','2024-07-22 03:10:12','2024-07-22 03:10:12'),(85,'own','Home fact understand once debate. Political only work edge strategy too the. Security all hope modern local place.','2024-07-22 03:10:12','2024-07-22 03:10:12'),(86,'stay','Nothing about whether piece wide job baby school. Successful natural food despite bring.\nEnter security too article action however generation.','2024-07-22 03:10:12','2024-07-22 03:10:12'),(87,'glass','He item room choose available black.\nElection cultural open. Program safe surface not organization attorney.\nEvidence government item weight. Father enough television family whole south there.','2024-07-22 03:10:12','2024-07-22 03:10:12'),(88,'according','Hot put production. Later himself phone support writer something. Woman eat size.','2024-07-22 03:10:12','2024-07-22 03:10:12'),(89,'air','Wear free world capital. Any keep century center treatment article. History course crime tax against shake.\nGet smile call.','2024-07-22 03:10:12','2024-07-22 03:10:12'),(90,'just','Plant garden finish live list instead. Pm ball final consider. Large increase grow rich dinner event.\nDemocratic while certain teach. Truth every long different.','2024-07-22 03:10:12','2024-07-22 03:10:12'),(91,'foot','View establish first once social front dark early. Mention amount worker method term church range will.\nSize source others truth across budget too reality. My fact provide ball truth various born.','2024-07-22 03:10:12','2024-07-22 03:10:12'),(92,'under','With suddenly allow fight. Speech social build wind gas.\nAppear pass fast.\nMedia animal sport amount up. Series traditional like himself get while movement seek.','2024-07-22 03:10:12','2024-07-22 03:10:12'),(93,'page','Until night loss wife. Run decision much open discover player make.\nAbility speech leave place. Eight street company all force. Nature behind fact rise stage executive.','2024-07-22 03:10:12','2024-07-22 03:10:12'),(94,'machine','Doctor generation suggest car child record pick compare. Physical edge now exactly effort beat travel.\nAlready sing case office. Later so past.','2024-07-22 03:10:12','2024-07-22 03:10:12'),(95,'under','Chair house offer threat around. Our while discover sometimes you physical.\nTest whole nature case. Weight population effort practice he less standard.','2024-07-22 03:10:12','2024-07-22 03:10:12'),(96,'scientist','House partner drive ball responsibility thank. Save goal fill reason child goal hundred.\nLike high by law none resource. Way necessary think project make region. Drug old lead clearly avoid.','2024-07-22 03:10:12','2024-07-22 03:10:12'),(97,'condition','Change store item kitchen teacher people. Any dream here total culture become machine size.','2024-07-22 03:10:12','2024-07-22 03:10:12'),(98,'many','Standard perform have public once half action. Hit save compare role control.\nWeight under plant ten although face threat. Serve less his life.','2024-07-22 03:10:12','2024-07-22 03:10:12'),(99,'executive','Outside agency street check them reality. Right town yes far to financial staff. Also pattern physical dog care.\nWithin receive employee professor agency.','2024-07-22 03:10:12','2024-07-22 03:10:12'),(100,'throughout','Enter accept future owner trade. Believe majority successful others college project quite. Society almost through give free job. Bit very weight.','2024-07-22 03:10:12','2024-07-22 03:10:12');
/*!40000 ALTER TABLE `categories` ENABLE KEYS */;
UNLOCK TABLES;

--
-- Table structure for table `products`
--

DROP TABLE IF EXISTS `products`;
/*!40101 SET @saved_cs_client     = @@character_set_client */;
/*!50503 SET character_set_client = utf8mb4 */;
CREATE TABLE `products` (
  `ProductID` int(11) NOT NULL AUTO_INCREMENT,
  `Name` varchar(100) NOT NULL,
  `SupplierID` int(11) DEFAULT NULL,
  `CategoryID` int(11) DEFAULT NULL,
  `QuantityPerUnit` varchar(50) DEFAULT NULL,
  `UnitPrice` decimal(10,2) DEFAULT NULL,
  `UnitsInStock` int(11) DEFAULT NULL,
  `UnitsOnOrder` int(11) DEFAULT NULL,
  `ReorderLevel` int(11) DEFAULT NULL,
  `Discontinued` tinyint(1) DEFAULT NULL,
  `CreatedAt` timestamp NOT NULL DEFAULT current_timestamp(),
  `UpdatedAt` timestamp NOT NULL DEFAULT current_timestamp() ON UPDATE current_timestamp(),
  PRIMARY KEY (`ProductID`),
  KEY `SupplierID` (`SupplierID`),
  KEY `CategoryID` (`CategoryID`),
  CONSTRAINT `products_ibfk_1` FOREIGN KEY (`SupplierID`) REFERENCES `suppliers` (`SupplierID`),
  CONSTRAINT `products_ibfk_2` FOREIGN KEY (`CategoryID`) REFERENCES `categories` (`CategoryID`)
) ENGINE=InnoDB AUTO_INCREMENT=101 DEFAULT CHARSET=utf8mb4 COLLATE=utf8mb4_general_ci;
/*!40101 SET character_set_client = @saved_cs_client */;

--
-- Dumping data for table `products`
--

LOCK TABLES `products` WRITE;
/*!40000 ALTER TABLE `products` DISABLE KEYS */;
INSERT INTO `products` VALUES (1,'evening',82,18,'57 units',4.90,552,589,36,1,'2024-07-22 03:10:12','2024-07-22 03:10:12'),(2,'back',84,98,'91 units',24.85,568,633,3,0,'2024-07-22 03:10:12','2024-07-22 03:10:12'),(3,'dark',68,93,'12 units',92.07,794,591,79,0,'2024-07-22 03:10:12','2024-07-22 03:10:12'),(4,'hear',36,2,'88 units',21.58,467,211,68,1,'2024-07-22 03:10:12','2024-07-22 03:10:12'),(5,'group',10,10,'35 units',60.30,433,713,35,0,'2024-07-22 03:10:12','2024-07-22 03:10:12'),(6,'several',75,29,'86 units',19.14,753,238,84,1,'2024-07-22 03:10:12','2024-07-22 03:10:12'),(7,'today',75,76,'59 units',74.03,837,959,53,1,'2024-07-22 03:10:12','2024-07-22 03:10:12'),(8,'there',3,68,'63 units',96.59,443,708,51,0,'2024-07-22 03:10:12','2024-07-22 03:10:12'),(9,'how',41,7,'77 units',89.47,260,499,18,0,'2024-07-22 03:10:12','2024-07-22 03:10:12'),(10,'section',74,42,'50 units',85.09,297,96,45,0,'2024-07-22 03:10:12','2024-07-22 03:10:12'),(11,'consider',18,27,'50 units',9.71,739,192,20,1,'2024-07-22 03:10:12','2024-07-22 03:10:12'),(12,'hard',84,70,'64 units',34.21,208,379,89,1,'2024-07-22 03:10:12','2024-07-22 03:10:12'),(13,'inside',1,50,'72 units',33.89,352,374,94,0,'2024-07-22 03:10:12','2024-07-22 03:10:12'),(14,'offer',67,30,'85 units',46.87,188,453,15,0,'2024-07-22 03:10:12','2024-07-22 03:10:12'),(15,'process',95,94,'73 units',23.41,924,554,1,0,'2024-07-22 03:10:12','2024-07-22 03:10:12'),(16,'maintain',24,46,'63 units',33.47,781,733,75,0,'2024-07-22 03:10:12','2024-07-22 03:10:12'),(17,'political',74,11,'33 units',1.43,389,624,31,1,'2024-07-22 03:10:12','2024-07-22 03:10:12'),(18,'though',25,89,'4 units',3.38,170,597,67,1,'2024-07-22 03:10:12','2024-07-22 03:10:12'),(19,'service',99,76,'14 units',90.89,521,72,100,0,'2024-07-22 03:10:12','2024-07-22 03:10:12'),(20,'minute',93,1,'56 units',40.97,999,69,60,0,'2024-07-22 03:10:12','2024-07-22 03:10:12'),(21,'senior',65,44,'45 units',95.77,239,693,86,1,'2024-07-22 03:10:12','2024-07-22 03:10:12'),(22,'use',82,70,'26 units',38.79,166,276,66,1,'2024-07-22 03:10:12','2024-07-22 03:10:12'),(23,'pull',7,13,'67 units',93.02,170,386,9,0,'2024-07-22 03:10:12','2024-07-22 03:10:12'),(24,'side',100,27,'48 units',51.45,247,984,98,1,'2024-07-22 03:10:12','2024-07-22 03:10:12'),(25,'feeling',82,22,'92 units',42.32,389,266,14,0,'2024-07-22 03:10:12','2024-07-22 03:10:12'),(26,'personal',43,83,'13 units',53.01,251,982,21,1,'2024-07-22 03:10:12','2024-07-22 03:10:12'),(27,'draw',22,27,'54 units',7.96,232,558,57,0,'2024-07-22 03:10:12','2024-07-22 03:10:12'),(28,'other',44,68,'21 units',47.34,341,500,65,1,'2024-07-22 03:10:12','2024-07-22 03:10:12'),(29,'more',78,97,'63 units',86.72,680,270,70,1,'2024-07-22 03:10:12','2024-07-22 03:10:12'),(30,'upon',8,35,'78 units',93.87,540,630,89,0,'2024-07-22 03:10:12','2024-07-22 03:10:12'),(31,'relationship',5,25,'60 units',63.03,543,649,5,1,'2024-07-22 03:10:12','2024-07-22 03:10:12'),(32,'art',59,1,'17 units',55.50,378,33,34,1,'2024-07-22 03:10:12','2024-07-22 03:10:12'),(33,'quality',77,40,'81 units',6.61,86,5,55,0,'2024-07-22 03:10:12','2024-07-22 03:10:12'),(34,'parent',3,55,'84 units',96.09,293,344,11,0,'2024-07-22 03:10:12','2024-07-22 03:10:12'),(35,'job',51,60,'23 units',81.87,936,943,58,1,'2024-07-22 03:10:12','2024-07-22 03:10:12'),(36,'sea',80,66,'10 units',20.02,172,68,58,1,'2024-07-22 03:10:12','2024-07-22 03:10:12'),(37,'enough',72,81,'80 units',43.93,835,176,96,0,'2024-07-22 03:10:12','2024-07-22 03:10:12'),(38,'now',9,26,'10 units',1.32,686,130,77,1,'2024-07-22 03:10:12','2024-07-22 03:10:12'),(39,'bill',97,40,'4 units',15.90,105,917,51,1,'2024-07-22 03:10:12','2024-07-22 03:10:12'),(40,'talk',30,29,'95 units',50.66,947,582,59,1,'2024-07-22 03:10:12','2024-07-22 03:10:12'),(41,'until',45,97,'73 units',41.20,814,172,37,0,'2024-07-22 03:10:12','2024-07-22 03:10:12'),(42,'member',72,10,'82 units',59.83,461,650,13,1,'2024-07-22 03:10:12','2024-07-22 03:10:12'),(43,'along',46,36,'17 units',43.92,543,632,99,0,'2024-07-22 03:10:12','2024-07-22 03:10:12'),(44,'example',22,71,'67 units',70.11,554,31,74,1,'2024-07-22 03:10:12','2024-07-22 03:10:12'),(45,'worker',58,90,'18 units',75.32,507,943,49,1,'2024-07-22 03:10:12','2024-07-22 03:10:12'),(46,'property',15,21,'4 units',51.84,164,59,96,1,'2024-07-22 03:10:12','2024-07-22 03:10:12'),(47,'future',59,99,'83 units',98.28,415,759,36,1,'2024-07-22 03:10:12','2024-07-22 03:10:12'),(48,'everything',14,32,'49 units',17.67,508,228,33,1,'2024-07-22 03:10:12','2024-07-22 03:10:12'),(49,'sell',86,76,'53 units',78.60,191,65,28,1,'2024-07-22 03:10:12','2024-07-22 03:10:12'),(50,'catch',42,1,'99 units',15.49,561,339,74,1,'2024-07-22 03:10:12','2024-07-22 03:10:12'),(51,'political',98,98,'9 units',63.94,641,469,18,1,'2024-07-22 03:10:12','2024-07-22 03:10:12'),(52,'world',68,70,'77 units',64.02,91,963,80,1,'2024-07-22 03:10:12','2024-07-22 03:10:12'),(53,'show',6,56,'60 units',51.93,57,762,54,1,'2024-07-22 03:10:12','2024-07-22 03:10:12'),(54,'not',37,39,'64 units',87.21,284,139,75,0,'2024-07-22 03:10:12','2024-07-22 03:10:12'),(55,'suggest',30,69,'73 units',94.67,813,137,38,1,'2024-07-22 03:10:12','2024-07-22 03:10:12'),(56,'spring',11,74,'11 units',36.04,40,789,59,0,'2024-07-22 03:10:12','2024-07-22 03:10:12'),(57,'interview',68,34,'70 units',93.02,178,661,72,0,'2024-07-22 03:10:12','2024-07-22 03:10:12'),(58,'law',100,78,'78 units',64.97,138,908,66,0,'2024-07-22 03:10:12','2024-07-22 03:10:12'),(59,'minute',79,28,'47 units',63.45,867,43,63,0,'2024-07-22 03:10:12','2024-07-22 03:10:12'),(60,'remain',50,69,'85 units',67.13,383,408,84,1,'2024-07-22 03:10:12','2024-07-22 03:10:12'),(61,'case',49,40,'80 units',54.59,95,659,48,0,'2024-07-22 03:10:12','2024-07-22 03:10:12'),(62,'art',55,65,'38 units',23.60,890,204,48,0,'2024-07-22 03:10:12','2024-07-22 03:10:12'),(63,'west',71,7,'6 units',92.37,234,637,99,1,'2024-07-22 03:10:12','2024-07-22 03:10:12'),(64,'knowledge',77,62,'94 units',46.70,222,552,51,1,'2024-07-22 03:10:12','2024-07-22 03:10:12'),(65,'notice',83,91,'92 units',46.21,479,857,53,1,'2024-07-22 03:10:12','2024-07-22 03:10:12'),(66,'moment',49,15,'56 units',41.29,393,913,1,0,'2024-07-22 03:10:12','2024-07-22 03:10:12'),(67,'build',88,66,'1 units',64.30,206,941,31,1,'2024-07-22 03:10:12','2024-07-22 03:10:12'),(68,'partner',29,2,'19 units',66.48,859,627,8,0,'2024-07-22 03:10:12','2024-07-22 03:10:12'),(69,'clear',60,97,'21 units',89.39,310,676,92,0,'2024-07-22 03:10:12','2024-07-22 03:10:12'),(70,'explain',23,7,'96 units',89.29,409,0,15,1,'2024-07-22 03:10:12','2024-07-22 03:10:12'),(71,'across',27,97,'94 units',88.87,309,296,45,0,'2024-07-22 03:10:12','2024-07-22 03:10:12'),(72,'memory',7,80,'85 units',29.79,776,896,80,0,'2024-07-22 03:10:12','2024-07-22 03:10:12'),(73,'everyone',14,59,'50 units',66.28,648,63,44,1,'2024-07-22 03:10:12','2024-07-22 03:10:12'),(74,'sign',68,62,'54 units',41.15,320,130,31,1,'2024-07-22 03:10:12','2024-07-22 03:10:12'),(75,'less',72,33,'76 units',80.68,544,693,35,0,'2024-07-22 03:10:12','2024-07-22 03:10:12'),(76,'organization',88,2,'63 units',19.15,621,728,79,1,'2024-07-22 03:10:12','2024-07-22 03:10:12'),(77,'different',37,33,'52 units',34.98,328,626,51,0,'2024-07-22 03:10:12','2024-07-22 03:10:12'),(78,'different',35,85,'87 units',78.63,170,592,35,1,'2024-07-22 03:10:12','2024-07-22 03:10:12'),(79,'education',26,34,'82 units',27.23,863,127,15,0,'2024-07-22 03:10:12','2024-07-22 03:10:12'),(80,'money',76,98,'54 units',25.39,681,714,41,0,'2024-07-22 03:10:12','2024-07-22 03:10:12'),(81,'economic',52,55,'85 units',40.33,577,224,18,0,'2024-07-22 03:10:12','2024-07-22 03:10:12'),(82,'window',26,90,'73 units',50.93,569,51,37,1,'2024-07-22 03:10:12','2024-07-22 03:10:12'),(83,'up',14,53,'3 units',46.32,822,739,88,0,'2024-07-22 03:10:12','2024-07-22 03:10:12'),(84,'police',99,93,'8 units',96.39,190,629,48,0,'2024-07-22 03:10:12','2024-07-22 03:10:12'),(85,'stage',60,86,'26 units',38.13,700,253,84,1,'2024-07-22 03:10:12','2024-07-22 03:10:12'),(86,'establish',1,76,'33 units',74.67,679,484,39,0,'2024-07-22 03:10:12','2024-07-22 03:10:12'),(87,'I',24,72,'10 units',17.90,219,205,14,1,'2024-07-22 03:10:12','2024-07-22 03:10:12'),(88,'reflect',72,58,'92 units',57.03,809,306,84,0,'2024-07-22 03:10:12','2024-07-22 03:10:12'),(89,'drive',65,55,'37 units',52.90,2,796,85,1,'2024-07-22 03:10:12','2024-07-22 03:10:12'),(90,'fire',36,66,'80 units',69.12,870,401,88,0,'2024-07-22 03:10:12','2024-07-22 03:10:12'),(91,'respond',78,82,'88 units',99.97,142,401,28,1,'2024-07-22 03:10:12','2024-07-22 03:10:12'),(92,'have',92,86,'27 units',76.44,182,10,98,1,'2024-07-22 03:10:12','2024-07-22 03:10:12'),(93,'party',75,35,'99 units',11.75,283,126,30,1,'2024-07-22 03:10:12','2024-07-22 03:10:12'),(94,'debate',6,11,'100 units',52.00,241,350,79,1,'2024-07-22 03:10:12','2024-07-22 03:10:12'),(95,'different',21,21,'37 units',65.28,71,499,84,0,'2024-07-22 03:10:12','2024-07-22 03:10:12'),(96,'major',21,4,'20 units',21.39,795,631,21,1,'2024-07-22 03:10:12','2024-07-22 03:10:12'),(97,'woman',90,33,'94 units',25.66,440,234,64,0,'2024-07-22 03:10:12','2024-07-22 03:10:12'),(98,'account',2,61,'49 units',38.59,414,87,45,1,'2024-07-22 03:10:12','2024-07-22 03:10:12'),(99,'conference',96,21,'55 units',58.82,904,162,63,0,'2024-07-22 03:10:12','2024-07-22 03:10:12'),(100,'recent',53,97,'39 units',65.41,798,602,50,0,'2024-07-22 03:10:12','2024-07-22 03:10:12');
/*!40000 ALTER TABLE `products` ENABLE KEYS */;
UNLOCK TABLES;

--
-- Table structure for table `purchaseorderdetails`
--

DROP TABLE IF EXISTS `purchaseorderdetails`;
/*!40101 SET @saved_cs_client     = @@character_set_client */;
/*!50503 SET character_set_client = utf8mb4 */;
CREATE TABLE `purchaseorderdetails` (
  `OrderDetailID` int(11) NOT NULL AUTO_INCREMENT,
  `OrderID` int(11) DEFAULT NULL,
  `ProductID` int(11) DEFAULT NULL,
  `Quantity` int(11) DEFAULT NULL,
  `UnitPrice` decimal(10,2) DEFAULT NULL,
  `CreatedAt` timestamp NOT NULL DEFAULT current_timestamp(),
  `UpdatedAt` timestamp NOT NULL DEFAULT current_timestamp() ON UPDATE current_timestamp(),
  PRIMARY KEY (`OrderDetailID`),
  KEY `OrderID` (`OrderID`),
  KEY `ProductID` (`ProductID`),
  CONSTRAINT `purchaseorderdetails_ibfk_1` FOREIGN KEY (`OrderID`) REFERENCES `purchaseorders` (`OrderID`),
  CONSTRAINT `purchaseorderdetails_ibfk_2` FOREIGN KEY (`ProductID`) REFERENCES `products` (`ProductID`)
) ENGINE=InnoDB AUTO_INCREMENT=101 DEFAULT CHARSET=utf8mb4 COLLATE=utf8mb4_general_ci;
/*!40101 SET character_set_client = @saved_cs_client */;

--
-- Dumping data for table `purchaseorderdetails`
--

LOCK TABLES `purchaseorderdetails` WRITE;
/*!40000 ALTER TABLE `purchaseorderdetails` DISABLE KEYS */;
INSERT INTO `purchaseorderdetails` VALUES (1,88,17,1,74.87,'2024-07-22 03:10:12','2024-07-22 03:10:12'),(2,74,55,90,40.61,'2024-07-22 03:10:12','2024-07-22 03:10:12'),(3,72,61,84,1.48,'2024-07-22 03:10:12','2024-07-22 03:10:12'),(4,19,40,53,55.21,'2024-07-22 03:10:12','2024-07-22 03:10:12'),(5,99,49,73,8.91,'2024-07-22 03:10:12','2024-07-22 03:10:12'),(6,23,86,16,10.80,'2024-07-22 03:10:12','2024-07-22 03:10:12'),(7,71,9,64,46.27,'2024-07-22 03:10:12','2024-07-22 03:10:12'),(8,60,13,25,3.61,'2024-07-22 03:10:12','2024-07-22 03:10:12'),(9,59,77,61,96.57,'2024-07-22 03:10:12','2024-07-22 03:10:12'),(10,90,93,95,99.58,'2024-07-22 03:10:12','2024-07-22 03:10:12'),(11,58,62,31,96.39,'2024-07-22 03:10:12','2024-07-22 03:10:12'),(12,25,53,40,1.49,'2024-07-22 03:10:12','2024-07-22 03:10:12'),(13,73,56,24,82.08,'2024-07-22 03:10:12','2024-07-22 03:10:12'),(14,23,33,56,2.52,'2024-07-22 03:10:12','2024-07-22 03:10:12'),(15,61,22,17,40.54,'2024-07-22 03:10:12','2024-07-22 03:10:12'),(16,54,2,32,6.43,'2024-07-22 03:10:12','2024-07-22 03:10:12'),(17,43,75,64,32.32,'2024-07-22 03:10:12','2024-07-22 03:10:12'),(18,67,68,69,82.45,'2024-07-22 03:10:12','2024-07-22 03:10:12'),(19,65,9,14,12.16,'2024-07-22 03:10:12','2024-07-22 03:10:12'),(20,92,5,24,38.03,'2024-07-22 03:10:12','2024-07-22 03:10:12'),(21,67,36,68,33.19,'2024-07-22 03:10:12','2024-07-22 03:10:12'),(22,16,11,70,11.29,'2024-07-22 03:10:12','2024-07-22 03:10:12'),(23,8,32,80,57.85,'2024-07-22 03:10:12','2024-07-22 03:10:12'),(24,56,75,29,16.34,'2024-07-22 03:10:12','2024-07-22 03:10:12'),(25,23,13,68,34.94,'2024-07-22 03:10:12','2024-07-22 03:10:12'),(26,57,62,44,79.75,'2024-07-22 03:10:12','2024-07-22 03:10:12'),(27,61,91,9,8.95,'2024-07-22 03:10:12','2024-07-22 03:10:12'),(28,78,90,53,7.56,'2024-07-22 03:10:12','2024-07-22 03:10:12'),(29,56,45,1,6.25,'2024-07-22 03:10:12','2024-07-22 03:10:12'),(30,62,23,24,39.16,'2024-07-22 03:10:12','2024-07-22 03:10:12'),(31,71,38,13,86.71,'2024-07-22 03:10:12','2024-07-22 03:10:12'),(32,65,26,84,59.51,'2024-07-22 03:10:12','2024-07-22 03:10:12'),(33,100,36,96,29.15,'2024-07-22 03:10:12','2024-07-22 03:10:12'),(34,59,35,87,11.32,'2024-07-22 03:10:12','2024-07-22 03:10:12'),(35,79,39,80,3.94,'2024-07-22 03:10:12','2024-07-22 03:10:12'),(36,44,99,46,2.84,'2024-07-22 03:10:12','2024-07-22 03:10:12'),(37,63,25,36,66.32,'2024-07-22 03:10:12','2024-07-22 03:10:12'),(38,48,98,84,54.69,'2024-07-22 03:10:12','2024-07-22 03:10:12'),(39,56,5,44,83.94,'2024-07-22 03:10:12','2024-07-22 03:10:12'),(40,93,60,45,35.73,'2024-07-22 03:10:12','2024-07-22 03:10:12'),(41,67,51,35,30.95,'2024-07-22 03:10:12','2024-07-22 03:10:12'),(42,79,43,47,32.92,'2024-07-22 03:10:12','2024-07-22 03:10:12'),(43,53,3,13,70.10,'2024-07-22 03:10:12','2024-07-22 03:10:12'),(44,12,61,9,24.13,'2024-07-22 03:10:12','2024-07-22 03:10:12'),(45,34,90,95,25.09,'2024-07-22 03:10:12','2024-07-22 03:10:12'),(46,46,46,35,29.04,'2024-07-22 03:10:12','2024-07-22 03:10:12'),(47,54,57,42,36.17,'2024-07-22 03:10:12','2024-07-22 03:10:12'),(48,84,40,12,39.78,'2024-07-22 03:10:12','2024-07-22 03:10:12'),(49,62,86,82,10.97,'2024-07-22 03:10:12','2024-07-22 03:10:12'),(50,30,43,17,58.14,'2024-07-22 03:10:12','2024-07-22 03:10:12'),(51,81,54,76,62.77,'2024-07-22 03:10:12','2024-07-22 03:10:12'),(52,99,43,17,14.29,'2024-07-22 03:10:12','2024-07-22 03:10:12'),(53,50,58,22,78.73,'2024-07-22 03:10:12','2024-07-22 03:10:12'),(54,91,16,74,55.82,'2024-07-22 03:10:12','2024-07-22 03:10:12'),(55,98,54,48,76.71,'2024-07-22 03:10:12','2024-07-22 03:10:12'),(56,91,55,60,79.73,'2024-07-22 03:10:12','2024-07-22 03:10:12'),(57,17,11,72,71.48,'2024-07-22 03:10:12','2024-07-22 03:10:12'),(58,67,97,76,75.75,'2024-07-22 03:10:12','2024-07-22 03:10:12'),(59,48,16,47,56.63,'2024-07-22 03:10:12','2024-07-22 03:10:12'),(60,1,14,69,33.85,'2024-07-22 03:10:12','2024-07-22 03:10:12'),(61,45,40,96,52.70,'2024-07-22 03:10:12','2024-07-22 03:10:12'),(62,11,70,64,55.26,'2024-07-22 03:10:12','2024-07-22 03:10:12'),(63,83,42,36,90.96,'2024-07-22 03:10:12','2024-07-22 03:10:12'),(64,72,19,72,90.77,'2024-07-22 03:10:12','2024-07-22 03:10:12'),(65,2,52,32,69.12,'2024-07-22 03:10:12','2024-07-22 03:10:12'),(66,37,78,23,67.49,'2024-07-22 03:10:12','2024-07-22 03:10:12'),(67,49,44,76,15.54,'2024-07-22 03:10:12','2024-07-22 03:10:12'),(68,64,81,48,50.02,'2024-07-22 03:10:12','2024-07-22 03:10:12'),(69,95,62,39,7.95,'2024-07-22 03:10:12','2024-07-22 03:10:12'),(70,29,37,95,45.85,'2024-07-22 03:10:12','2024-07-22 03:10:12'),(71,75,71,17,14.39,'2024-07-22 03:10:12','2024-07-22 03:10:12'),(72,68,20,64,31.63,'2024-07-22 03:10:12','2024-07-22 03:10:12'),(73,43,11,96,33.00,'2024-07-22 03:10:12','2024-07-22 03:10:12'),(74,4,77,11,46.34,'2024-07-22 03:10:12','2024-07-22 03:10:12'),(75,95,33,2,61.96,'2024-07-22 03:10:12','2024-07-22 03:10:12'),(76,18,77,97,27.70,'2024-07-22 03:10:12','2024-07-22 03:10:12'),(77,86,37,47,81.71,'2024-07-22 03:10:12','2024-07-22 03:10:12'),(78,74,18,35,23.47,'2024-07-22 03:10:12','2024-07-22 03:10:12'),(79,95,60,82,21.32,'2024-07-22 03:10:12','2024-07-22 03:10:12'),(80,2,79,44,40.83,'2024-07-22 03:10:12','2024-07-22 03:10:12'),(81,78,33,82,62.38,'2024-07-22 03:10:12','2024-07-22 03:10:12'),(82,53,35,46,21.83,'2024-07-22 03:10:12','2024-07-22 03:10:12'),(83,25,67,94,80.26,'2024-07-22 03:10:12','2024-07-22 03:10:12'),(84,82,81,78,52.46,'2024-07-22 03:10:12','2024-07-22 03:10:12'),(85,33,82,52,11.62,'2024-07-22 03:10:12','2024-07-22 03:10:12'),(86,57,60,78,41.08,'2024-07-22 03:10:12','2024-07-22 03:10:12'),(87,33,37,63,49.95,'2024-07-22 03:10:12','2024-07-22 03:10:12'),(88,95,4,77,45.27,'2024-07-22 03:10:12','2024-07-22 03:10:12'),(89,94,11,27,68.96,'2024-07-22 03:10:12','2024-07-22 03:10:12'),(90,78,64,23,69.94,'2024-07-22 03:10:12','2024-07-22 03:10:12'),(91,43,27,65,36.39,'2024-07-22 03:10:12','2024-07-22 03:10:12'),(92,92,56,52,16.68,'2024-07-22 03:10:12','2024-07-22 03:10:12'),(93,44,66,4,32.75,'2024-07-22 03:10:12','2024-07-22 03:10:12'),(94,65,23,23,73.52,'2024-07-22 03:10:12','2024-07-22 03:10:12'),(95,73,14,38,60.98,'2024-07-22 03:10:12','2024-07-22 03:10:12'),(96,74,74,70,64.79,'2024-07-22 03:10:12','2024-07-22 03:10:12'),(97,1,38,61,14.04,'2024-07-22 03:10:12','2024-07-22 03:10:12'),(98,65,23,14,80.19,'2024-07-22 03:10:12','2024-07-22 03:10:12'),(99,46,99,10,9.73,'2024-07-22 03:10:12','2024-07-22 03:10:12'),(100,59,77,49,81.14,'2024-07-22 03:10:12','2024-07-22 03:10:12');
/*!40000 ALTER TABLE `purchaseorderdetails` ENABLE KEYS */;
UNLOCK TABLES;

--
-- Table structure for table `purchaseorders`
--

DROP TABLE IF EXISTS `purchaseorders`;
/*!40101 SET @saved_cs_client     = @@character_set_client */;
/*!50503 SET character_set_client = utf8mb4 */;
CREATE TABLE `purchaseorders` (
  `OrderID` int(11) NOT NULL AUTO_INCREMENT,
  `SupplierID` int(11) DEFAULT NULL,
  `OrderDate` date DEFAULT NULL,
  `TotalAmount` decimal(10,2) DEFAULT NULL,
  `Status` varchar(50) DEFAULT NULL,
  `CreatedAt` timestamp NOT NULL DEFAULT current_timestamp(),
  `UpdatedAt` timestamp NOT NULL DEFAULT current_timestamp() ON UPDATE current_timestamp(),
  PRIMARY KEY (`OrderID`),
  KEY `SupplierID` (`SupplierID`),
  CONSTRAINT `purchaseorders_ibfk_1` FOREIGN KEY (`SupplierID`) REFERENCES `suppliers` (`SupplierID`)
) ENGINE=InnoDB AUTO_INCREMENT=101 DEFAULT CHARSET=utf8mb4 COLLATE=utf8mb4_general_ci;
/*!40101 SET character_set_client = @saved_cs_client */;

--
-- Dumping data for table `purchaseorders`
--

LOCK TABLES `purchaseorders` WRITE;
/*!40000 ALTER TABLE `purchaseorders` DISABLE KEYS */;
INSERT INTO `purchaseorders` VALUES (1,47,'2023-06-15',5986.87,'Completed','2024-07-22 03:10:12','2024-07-22 03:10:12'),(2,12,'2024-02-26',7527.57,'Completed','2024-07-22 03:10:12','2024-07-22 03:10:12'),(3,23,'2023-11-17',8269.73,'Completed','2024-07-22 03:10:12','2024-07-22 03:10:12'),(4,92,'2023-10-05',474.74,'Cancelled','2024-07-22 03:10:12','2024-07-22 03:10:12'),(5,13,'2023-02-27',7383.53,'Completed','2024-07-22 03:10:12','2024-07-22 03:10:12'),(6,7,'2023-05-05',1193.76,'Completed','2024-07-22 03:10:12','2024-07-22 03:10:12'),(7,82,'2023-02-23',1729.25,'Completed','2024-07-22 03:10:12','2024-07-22 03:10:12'),(8,91,'2022-07-25',6731.03,'Pending','2024-07-22 03:10:12','2024-07-22 03:10:12'),(9,29,'2024-03-14',4885.05,'Completed','2024-07-22 03:10:12','2024-07-22 03:10:12'),(10,91,'2023-07-16',1391.94,'Cancelled','2024-07-22 03:10:12','2024-07-22 03:10:12'),(11,10,'2022-08-22',9380.39,'Pending','2024-07-22 03:10:12','2024-07-22 03:10:12'),(12,97,'2023-05-03',8764.96,'Pending','2024-07-22 03:10:12','2024-07-22 03:10:12'),(13,6,'2022-11-13',7828.36,'Pending','2024-07-22 03:10:12','2024-07-22 03:10:12'),(14,85,'2022-09-12',5590.03,'Pending','2024-07-22 03:10:12','2024-07-22 03:10:12'),(15,8,'2023-05-04',1489.16,'Pending','2024-07-22 03:10:12','2024-07-22 03:10:12'),(16,40,'2023-06-08',9961.41,'Cancelled','2024-07-22 03:10:12','2024-07-22 03:10:12'),(17,60,'2024-01-15',8035.74,'Completed','2024-07-22 03:10:12','2024-07-22 03:10:12'),(18,40,'2024-01-05',7802.33,'Completed','2024-07-22 03:10:12','2024-07-22 03:10:12'),(19,85,'2022-10-11',8532.24,'Completed','2024-07-22 03:10:12','2024-07-22 03:10:12'),(20,30,'2023-07-10',8974.24,'Pending','2024-07-22 03:10:12','2024-07-22 03:10:12'),(21,21,'2023-10-13',605.95,'Pending','2024-07-22 03:10:12','2024-07-22 03:10:12'),(22,28,'2023-12-26',1220.24,'Completed','2024-07-22 03:10:12','2024-07-22 03:10:12'),(23,76,'2023-10-16',1342.27,'Pending','2024-07-22 03:10:12','2024-07-22 03:10:12'),(24,32,'2024-01-15',1640.08,'Completed','2024-07-22 03:10:12','2024-07-22 03:10:12'),(25,34,'2022-10-27',1325.64,'Cancelled','2024-07-22 03:10:12','2024-07-22 03:10:12'),(26,36,'2023-06-11',2875.57,'Cancelled','2024-07-22 03:10:12','2024-07-22 03:10:12'),(27,77,'2024-07-12',9048.64,'Completed','2024-07-22 03:10:12','2024-07-22 03:10:12'),(28,84,'2023-01-09',3531.57,'Completed','2024-07-22 03:10:12','2024-07-22 03:10:12'),(29,48,'2023-06-13',6358.51,'Completed','2024-07-22 03:10:12','2024-07-22 03:10:12'),(30,54,'2023-02-05',5201.14,'Pending','2024-07-22 03:10:12','2024-07-22 03:10:12'),(31,47,'2023-05-26',2805.02,'Pending','2024-07-22 03:10:12','2024-07-22 03:10:12'),(32,74,'2023-06-20',2889.44,'Pending','2024-07-22 03:10:12','2024-07-22 03:10:12'),(33,30,'2023-02-22',8123.41,'Pending','2024-07-22 03:10:12','2024-07-22 03:10:12'),(34,91,'2024-07-15',7293.68,'Cancelled','2024-07-22 03:10:12','2024-07-22 03:10:12'),(35,13,'2023-10-17',6858.74,'Cancelled','2024-07-22 03:10:12','2024-07-22 03:10:12'),(36,25,'2022-08-17',6139.19,'Cancelled','2024-07-22 03:10:12','2024-07-22 03:10:12'),(37,92,'2023-12-12',2929.98,'Cancelled','2024-07-22 03:10:12','2024-07-22 03:10:12'),(38,87,'2022-12-28',1879.25,'Cancelled','2024-07-22 03:10:12','2024-07-22 03:10:12'),(39,10,'2024-07-08',4492.62,'Pending','2024-07-22 03:10:12','2024-07-22 03:10:12'),(40,54,'2023-03-16',872.05,'Cancelled','2024-07-22 03:10:12','2024-07-22 03:10:12'),(41,59,'2024-03-29',1201.11,'Cancelled','2024-07-22 03:10:12','2024-07-22 03:10:12'),(42,18,'2023-01-21',4587.61,'Pending','2024-07-22 03:10:12','2024-07-22 03:10:12'),(43,59,'2023-07-04',1314.60,'Completed','2024-07-22 03:10:12','2024-07-22 03:10:12'),(44,5,'2022-09-26',7706.55,'Completed','2024-07-22 03:10:12','2024-07-22 03:10:12'),(45,99,'2023-04-20',6861.51,'Pending','2024-07-22 03:10:12','2024-07-22 03:10:12'),(46,71,'2023-04-05',300.44,'Completed','2024-07-22 03:10:12','2024-07-22 03:10:12'),(47,36,'2023-04-15',4898.52,'Completed','2024-07-22 03:10:12','2024-07-22 03:10:12'),(48,5,'2024-06-29',1957.66,'Pending','2024-07-22 03:10:12','2024-07-22 03:10:12'),(49,88,'2023-10-23',7710.94,'Pending','2024-07-22 03:10:12','2024-07-22 03:10:12'),(50,21,'2024-01-31',5205.89,'Pending','2024-07-22 03:10:12','2024-07-22 03:10:12'),(51,28,'2022-11-24',3213.27,'Cancelled','2024-07-22 03:10:12','2024-07-22 03:10:12'),(52,46,'2024-04-08',9743.38,'Pending','2024-07-22 03:10:12','2024-07-22 03:10:12'),(53,64,'2023-07-30',5051.60,'Pending','2024-07-22 03:10:12','2024-07-22 03:10:12'),(54,8,'2023-08-14',4424.54,'Cancelled','2024-07-22 03:10:12','2024-07-22 03:10:12'),(55,26,'2023-03-16',9896.48,'Pending','2024-07-22 03:10:12','2024-07-22 03:10:12'),(56,90,'2022-10-15',6584.67,'Completed','2024-07-22 03:10:12','2024-07-22 03:10:12'),(57,56,'2022-08-09',2636.83,'Cancelled','2024-07-22 03:10:12','2024-07-22 03:10:12'),(58,85,'2023-09-28',4547.14,'Pending','2024-07-22 03:10:12','2024-07-22 03:10:12'),(59,62,'2024-03-04',5511.62,'Completed','2024-07-22 03:10:12','2024-07-22 03:10:12'),(60,10,'2023-04-19',6750.12,'Completed','2024-07-22 03:10:12','2024-07-22 03:10:12'),(61,94,'2023-01-08',9956.26,'Pending','2024-07-22 03:10:12','2024-07-22 03:10:12'),(62,59,'2024-05-27',5078.66,'Pending','2024-07-22 03:10:12','2024-07-22 03:10:12'),(63,17,'2022-11-25',373.55,'Completed','2024-07-22 03:10:12','2024-07-22 03:10:12'),(64,73,'2024-03-16',9699.89,'Cancelled','2024-07-22 03:10:12','2024-07-22 03:10:12'),(65,32,'2023-11-22',1114.48,'Cancelled','2024-07-22 03:10:12','2024-07-22 03:10:12'),(66,3,'2023-05-31',1850.31,'Pending','2024-07-22 03:10:12','2024-07-22 03:10:12'),(67,60,'2023-08-30',5011.80,'Cancelled','2024-07-22 03:10:12','2024-07-22 03:10:12'),(68,58,'2023-11-25',1338.20,'Cancelled','2024-07-22 03:10:12','2024-07-22 03:10:12'),(69,86,'2024-01-15',9919.67,'Cancelled','2024-07-22 03:10:12','2024-07-22 03:10:12'),(70,21,'2023-12-28',5397.89,'Completed','2024-07-22 03:10:12','2024-07-22 03:10:12'),(71,30,'2023-01-23',885.18,'Pending','2024-07-22 03:10:12','2024-07-22 03:10:12'),(72,98,'2023-02-01',4309.32,'Cancelled','2024-07-22 03:10:12','2024-07-22 03:10:12'),(73,100,'2022-10-02',9423.82,'Pending','2024-07-22 03:10:12','2024-07-22 03:10:12'),(74,83,'2023-10-22',6670.88,'Completed','2024-07-22 03:10:12','2024-07-22 03:10:12'),(75,86,'2023-11-17',1769.99,'Pending','2024-07-22 03:10:12','2024-07-22 03:10:12'),(76,100,'2024-02-02',7259.60,'Cancelled','2024-07-22 03:10:12','2024-07-22 03:10:12'),(77,67,'2024-02-02',4273.19,'Cancelled','2024-07-22 03:10:12','2024-07-22 03:10:12'),(78,54,'2023-05-21',4467.85,'Pending','2024-07-22 03:10:12','2024-07-22 03:10:12'),(79,16,'2023-09-08',4786.87,'Cancelled','2024-07-22 03:10:12','2024-07-22 03:10:12'),(80,29,'2022-11-13',6434.85,'Pending','2024-07-22 03:10:12','2024-07-22 03:10:12'),(81,17,'2023-12-21',9661.77,'Pending','2024-07-22 03:10:12','2024-07-22 03:10:12'),(82,91,'2023-02-24',5126.37,'Cancelled','2024-07-22 03:10:12','2024-07-22 03:10:12'),(83,3,'2023-09-08',4549.53,'Completed','2024-07-22 03:10:12','2024-07-22 03:10:12'),(84,34,'2023-12-04',1124.40,'Completed','2024-07-22 03:10:12','2024-07-22 03:10:12'),(85,75,'2024-03-19',3171.94,'Completed','2024-07-22 03:10:12','2024-07-22 03:10:12'),(86,59,'2024-01-17',509.07,'Completed','2024-07-22 03:10:12','2024-07-22 03:10:12'),(87,24,'2023-07-31',3480.13,'Cancelled','2024-07-22 03:10:12','2024-07-22 03:10:12'),(88,38,'2024-07-04',1350.01,'Completed','2024-07-22 03:10:12','2024-07-22 03:10:12'),(89,42,'2023-04-19',4018.88,'Completed','2024-07-22 03:10:12','2024-07-22 03:10:12'),(90,86,'2023-05-26',2184.13,'Pending','2024-07-22 03:10:12','2024-07-22 03:10:12'),(91,17,'2022-08-26',3554.73,'Completed','2024-07-22 03:10:12','2024-07-22 03:10:12'),(92,52,'2024-07-02',2236.82,'Completed','2024-07-22 03:10:12','2024-07-22 03:10:12'),(93,61,'2023-09-24',5369.84,'Completed','2024-07-22 03:10:12','2024-07-22 03:10:12'),(94,44,'2022-10-13',7812.30,'Pending','2024-07-22 03:10:12','2024-07-22 03:10:12'),(95,77,'2023-11-20',1466.63,'Completed','2024-07-22 03:10:12','2024-07-22 03:10:12'),(96,61,'2023-11-13',1386.92,'Completed','2024-07-22 03:10:12','2024-07-22 03:10:12'),(97,47,'2023-01-19',8775.41,'Cancelled','2024-07-22 03:10:12','2024-07-22 03:10:12'),(98,15,'2024-04-04',8688.86,'Pending','2024-07-22 03:10:12','2024-07-22 03:10:12'),(99,53,'2024-02-11',1896.55,'Completed','2024-07-22 03:10:12','2024-07-22 03:10:12'),(100,17,'2022-12-16',1954.10,'Completed','2024-07-22 03:10:12','2024-07-22 03:10:12');
/*!40000 ALTER TABLE `purchaseorders` ENABLE KEYS */;
UNLOCK TABLES;

--
-- Table structure for table `returns`
--

DROP TABLE IF EXISTS `returns`;
/*!40101 SET @saved_cs_client     = @@character_set_client */;
/*!50503 SET character_set_client = utf8mb4 */;
CREATE TABLE `returns` (
  `ReturnID` int(11) NOT NULL AUTO_INCREMENT,
  `SaleID` int(11) DEFAULT NULL,
  `ProductID` int(11) DEFAULT NULL,
  `ReturnDate` date DEFAULT NULL,
  `Quantity` int(11) DEFAULT NULL,
  `Reason` varchar(255) DEFAULT NULL,
  `CreatedAt` timestamp NOT NULL DEFAULT current_timestamp(),
  `UpdatedAt` timestamp NOT NULL DEFAULT current_timestamp() ON UPDATE current_timestamp(),
  PRIMARY KEY (`ReturnID`),
  KEY `SaleID` (`SaleID`),
  KEY `ProductID` (`ProductID`),
  CONSTRAINT `returns_ibfk_1` FOREIGN KEY (`SaleID`) REFERENCES `sales` (`SaleID`),
  CONSTRAINT `returns_ibfk_2` FOREIGN KEY (`ProductID`) REFERENCES `products` (`ProductID`)
) ENGINE=InnoDB AUTO_INCREMENT=101 DEFAULT CHARSET=utf8mb4 COLLATE=utf8mb4_general_ci;
/*!40101 SET character_set_client = @saved_cs_client */;

--
-- Dumping data for table `returns`
--

LOCK TABLES `returns` WRITE;
/*!40000 ALTER TABLE `returns` DISABLE KEYS */;
INSERT INTO `returns` VALUES (1,13,72,'2022-11-14',7,'Likely strategy responsibility protect. Bar but physical letter house sense case.\nFactor model then government. Do enough quality. Poor Democrat region institution another.','2024-07-22 03:10:12','2024-07-22 03:10:12'),(2,74,69,'2023-03-02',56,'Member you while newspaper within car share.\nExperience arrive military color during. Do entire lawyer agency decade president. Ago son a run.','2024-07-22 03:10:12','2024-07-22 03:10:12'),(3,39,53,'2024-04-15',40,'Especially car poor true force benefit whether. Almost performance often part four.','2024-07-22 03:10:12','2024-07-22 03:10:12'),(4,63,51,'2022-09-01',100,'Evidence where appear other book. His forget very while enjoy.\nBaby education research interest.\nNo picture court forward seem hotel. Style million family card order compare weight.','2024-07-22 03:10:12','2024-07-22 03:10:12'),(5,70,23,'2023-07-27',29,'Trip surface heart skin grow write. Career war none music manage. Direction item side word board.\nHere customer left wear business. Tax article where. Interest relate low car then little situation.','2024-07-22 03:10:12','2024-07-22 03:10:12'),(6,57,80,'2023-03-17',58,'Candidate remember employee actually. Professional can pass daughter down first country. Include you financial traditional include wife.','2024-07-22 03:10:12','2024-07-22 03:10:12'),(7,90,70,'2023-03-14',89,'Concern budget goal those far together film place. Analysis rich common own establish maintain. Even along lawyer hand budget.\nSize store class piece. Five everything risk high.','2024-07-22 03:10:12','2024-07-22 03:10:12'),(8,39,68,'2023-01-23',35,'Either student campaign if reflect hold better.\nMember news cover. Crime edge speech stock moment environmental.','2024-07-22 03:10:12','2024-07-22 03:10:12'),(9,80,98,'2024-03-21',54,'Task ever daughter guy end. When section put source.\nWish course score oil. With mind war argue wide. Artist throw moment different likely.','2024-07-22 03:10:12','2024-07-22 03:10:12'),(10,54,18,'2022-12-30',79,'Way street move quite organization significant management road. Serve huge suffer trouble individual simply just.\nConsider within thank history. Couple example national pressure to.','2024-07-22 03:10:12','2024-07-22 03:10:12'),(11,48,31,'2023-11-03',50,'Fight card unit pull water down. Stuff important popular group word factor.\nFinal hour guy. Land not attention modern. Do option door follow heart change.','2024-07-22 03:10:12','2024-07-22 03:10:12'),(12,22,59,'2023-07-17',48,'Anyone strong let return. Memory reduce stage half community.\nEnvironment now effort. For morning agency enjoy inside candidate.\nGround mission model prevent different begin majority maintain.','2024-07-22 03:10:12','2024-07-22 03:10:12'),(13,76,41,'2023-08-25',30,'Turn relationship official well two employee rate. Let state six. Religious fall medical woman.\nDegree of argue upon. None remember worker parent argue. Rather everyone their prevent manage good.','2024-07-22 03:10:12','2024-07-22 03:10:12'),(14,92,50,'2022-12-08',87,'Away war skin eye by than. Bit name democratic buy structure. Throw officer ten clear end will.\nMention marriage effect more water. Pick capital pull.','2024-07-22 03:10:12','2024-07-22 03:10:12'),(15,46,34,'2022-11-20',55,'Animal but past skill song. Commercial foot nice answer worry hotel prevent. Media go picture true.\nStore case week. Loss stock final describe run. Think almost sell can truth owner pattern.','2024-07-22 03:10:12','2024-07-22 03:10:12'),(16,4,45,'2022-11-06',3,'Two either center. Design benefit world old get audience carry. Wait relate rock nice want mind. Ground article especially.','2024-07-22 03:10:12','2024-07-22 03:10:12'),(17,54,98,'2024-03-05',31,'Entire responsibility certainly spring. Follow society attention reflect type staff.\nSomebody manager down. Free garden risk reduce candidate any data. Along everyone notice.','2024-07-22 03:10:12','2024-07-22 03:10:12'),(18,98,24,'2022-10-05',83,'Describe international man direction effort little. Action road cold form government. Other key begin wish agent the theory. Outside air think service task collection friend.','2024-07-22 03:10:12','2024-07-22 03:10:12'),(19,22,73,'2023-04-22',17,'Wonder money prepare it how yourself him. Reason benefit add tough.\nKid model ten show thing. Choose happy boy PM town.\nSee down reduce food American recognize.','2024-07-22 03:10:12','2024-07-22 03:10:12'),(20,25,71,'2024-05-12',82,'Many garden type maybe. Hotel radio impact adult improve window enough.','2024-07-22 03:10:12','2024-07-22 03:10:12'),(21,100,22,'2024-03-20',90,'Action step computer together. I class business now edge relate. Population believe president toward.','2024-07-22 03:10:12','2024-07-22 03:10:12'),(22,89,82,'2022-12-12',61,'Floor network quickly affect. Idea hair series read natural.\nGlass report responsibility something. Know process bring alone series bring wish. Suddenly parent thus just modern operation happen.','2024-07-22 03:10:12','2024-07-22 03:10:12'),(23,62,94,'2024-01-10',77,'Interview camera dream word several note management. Create economy moment mention will. Enough list apply stock. See purpose probably up after popular.','2024-07-22 03:10:12','2024-07-22 03:10:12'),(24,56,80,'2022-12-13',95,'Certainly because order these recent down service. Method financial public tree.','2024-07-22 03:10:12','2024-07-22 03:10:12'),(25,34,9,'2024-05-08',93,'Agree well example attack start often. Third detail avoid open building sure piece involve. Rich part down speech little price.','2024-07-22 03:10:12','2024-07-22 03:10:12'),(26,49,38,'2023-02-09',20,'Remain class song movement. Another threat civil after key beautiful about air.\nPage challenge next. Itself policy art day set. Media book close nor former seven.','2024-07-22 03:10:12','2024-07-22 03:10:12'),(27,57,62,'2023-01-01',60,'Impact sport strategy contain above end address show. Figure Republican throw require offer notice wish. Agree opportunity grow. House medical really past sell baby adult.','2024-07-22 03:10:12','2024-07-22 03:10:12'),(28,43,18,'2024-07-09',30,'Factor policy safe officer travel man show. Who change other off.\nBlood voice green thus. Should market unit seven fact will language right. Easy know between different little.','2024-07-22 03:10:12','2024-07-22 03:10:12'),(29,82,41,'2023-05-27',42,'Themselves research past seek these find without central. New while cultural peace beautiful value response we. Happen situation discuss body great know deal forget.','2024-07-22 03:10:12','2024-07-22 03:10:12'),(30,20,35,'2024-02-25',62,'Food for price.\nDesign yourself weight. Poor daughter job town together attack manager.\nOver few foot stop fill animal not. Across nature sport civil movement memory nation.','2024-07-22 03:10:12','2024-07-22 03:10:12'),(31,87,15,'2022-11-06',78,'Western raise real mind green center. Son probably page minute. Loss trouble laugh claim tonight kid.\nSchool would memory share thousand build media. Home science believe onto policy fill.','2024-07-22 03:10:12','2024-07-22 03:10:12'),(32,81,46,'2023-07-07',51,'Attack turn successful suggest economy. Would same car property herself operation.\nMr gun reach edge performance or build. Boy adult group early. Campaign art check item.','2024-07-22 03:10:12','2024-07-22 03:10:12'),(33,20,64,'2022-11-18',46,'Medical face way eye stand. Sort resource light past yourself bed politics. Successful break deal time represent. Heavy end thus election could.','2024-07-22 03:10:12','2024-07-22 03:10:12'),(34,94,64,'2023-06-04',4,'Goal could kitchen right until if. Speak foot east become put develop.\nProtect production reveal friend. Consumer stop wife guy.','2024-07-22 03:10:12','2024-07-22 03:10:12'),(35,13,35,'2022-08-21',9,'Walk eat glass meet forget game marriage. Clearly speech activity break arm show fight court.','2024-07-22 03:10:12','2024-07-22 03:10:12'),(36,13,97,'2024-03-13',64,'Month threat special loss. Likely take across million through evidence.','2024-07-22 03:10:12','2024-07-22 03:10:12'),(37,100,55,'2023-12-06',97,'Try final lawyer single industry first should. East performance sport boy drive. Property within exist for must.\nTeach occur particularly practice play. Away range most.','2024-07-22 03:10:12','2024-07-22 03:10:12'),(38,97,39,'2023-06-30',48,'Wife whose reduce song maintain role. Sign increase rather mission animal measure value that. Significant one PM difficult treat space physical production.','2024-07-22 03:10:12','2024-07-22 03:10:12'),(39,83,15,'2022-07-30',54,'Me month sign its support his. Successful before size television but trouble option.\nFirm prove interesting however paper. Laugh artist sort difference north section.','2024-07-22 03:10:12','2024-07-22 03:10:12'),(40,30,35,'2023-08-12',17,'Alone save design image. City trip maintain buy according.\nImportant condition often adult wind run deal full. Foreign push near spring network. Conference want ready letter finish.','2024-07-22 03:10:12','2024-07-22 03:10:12'),(41,94,98,'2023-02-27',55,'Wonder go cause doctor scientist stand. Prepare whether now.\nDoctor provide everything beat. Rock institution make age outside star.','2024-07-22 03:10:12','2024-07-22 03:10:12'),(42,12,16,'2022-12-02',38,'Be child pass his. Performance score what state positive management.\nAnimal check require prove ago. Hold easy similar vote issue. If onto treat require call someone within usually.','2024-07-22 03:10:12','2024-07-22 03:10:12'),(43,19,63,'2022-12-23',11,'Responsibility bag week because anything term. Laugh technology until condition dark allow. Wait figure throughout clear.\nLaugh cause moment health language. Body investment wide result.','2024-07-22 03:10:12','2024-07-22 03:10:12'),(44,90,62,'2023-11-09',61,'Hear you you reveal painting.\nTest course training soldier standard tax even. Fish simple professional man.\nInto animal memory any relate.','2024-07-22 03:10:12','2024-07-22 03:10:12'),(45,3,62,'2023-04-23',76,'Sign alone argue gas.\nImprove chair certain agreement ball. All nice reflect matter. Subject also director me trouble sort. Model every exist capital practice senior.','2024-07-22 03:10:12','2024-07-22 03:10:12'),(46,33,58,'2023-11-29',35,'Reach arm but something amount join. Blue suddenly citizen. Each police kid.\nMove body short mean property. Another point military top interview. Career central network friend there sell.','2024-07-22 03:10:12','2024-07-22 03:10:12'),(47,26,24,'2024-07-05',36,'Feel professor force off believe somebody material show. Finish bank sure. Us various treatment she. Clear day leg Republican heavy subject.','2024-07-22 03:10:12','2024-07-22 03:10:12'),(48,77,1,'2022-09-07',54,'Unit lay need mind. To tree fight expect direction fear author.\nCare trade unit often service health example leg. Let think side field could.','2024-07-22 03:10:12','2024-07-22 03:10:12'),(49,2,74,'2024-01-09',85,'Computer response hotel show civil cup. Send miss campaign imagine hair cover first. Poor all source travel local front find.','2024-07-22 03:10:12','2024-07-22 03:10:12'),(50,91,3,'2023-07-28',96,'Partner realize deal. Newspaper reach question board head. Spring west edge popular side attack.\nGet place manage population. Treatment career sea point.\nGirl western item determine leader.','2024-07-22 03:10:12','2024-07-22 03:10:12'),(51,8,71,'2023-08-24',67,'Month say little cup should. Cover every will.\nDesign agree strategy discuss man assume. Structure join throw. Lose left show every something policy.','2024-07-22 03:10:12','2024-07-22 03:10:12'),(52,36,25,'2022-12-13',16,'Whom will these live action teacher. Born find guy since catch car west.\nAgainst blue education skin think marriage. Its war Congress professor although general child often.','2024-07-22 03:10:12','2024-07-22 03:10:12'),(53,73,29,'2023-03-02',29,'North produce garden simply training. Some increase land hear media west standard. Lot detail teach on miss mouth seek.','2024-07-22 03:10:12','2024-07-22 03:10:12'),(54,1,34,'2024-05-17',92,'Traditional ask everything painting magazine. Maintain member meet finish hair nearly wife church. Current high health today industry.','2024-07-22 03:10:12','2024-07-22 03:10:12'),(55,35,9,'2023-12-27',85,'Wide rest whether record key mission.\nMusic often chance second still series school.\nAction fund any enjoy soldier. Wish writer green ready area respond five. Make trip hope what market.','2024-07-22 03:10:12','2024-07-22 03:10:12'),(56,18,29,'2023-02-06',26,'Health field road open cost. Enter if fill another. Knowledge couple not send road break billion.','2024-07-22 03:10:12','2024-07-22 03:10:12'),(57,42,8,'2023-02-25',87,'Weight commercial commercial project mention. Conference friend use few form.\nLow action what. Book politics look her. Left experience capital.','2024-07-22 03:10:12','2024-07-22 03:10:12'),(58,78,24,'2023-10-11',74,'Ahead wait law speech professional themselves type.\nSeek on believe education.\nWorry someone own maybe care. Exist way ok hundred.','2024-07-22 03:10:12','2024-07-22 03:10:12'),(59,19,9,'2023-10-02',51,'Particular off agree next. Night system foreign education realize get. Series partner one. Ok clear through usually point as notice fish.','2024-07-22 03:10:12','2024-07-22 03:10:12'),(60,49,21,'2023-08-05',14,'Door hotel suggest kind speak. Win perhaps notice career. Very speak glass international particular.\nElse college new source although now indeed somebody. Plant low relate woman.','2024-07-22 03:10:12','2024-07-22 03:10:12'),(61,75,29,'2023-05-27',24,'Food couple left good. National story after.\nWhose only try. Evidence must result color open concern main suddenly.','2024-07-22 03:10:12','2024-07-22 03:10:12'),(62,13,94,'2023-05-11',28,'Attack education recently employee project only eight. Democratic interest arm out suffer ten. Away amount theory design field.\nTv board office enough pattern. Box new behavior.','2024-07-22 03:10:12','2024-07-22 03:10:12'),(63,52,75,'2023-04-14',29,'Of south home head. Idea friend debate case today pay.\nShake listen learn executive provide relationship less. Decade someone establish could ok entire.','2024-07-22 03:10:12','2024-07-22 03:10:12'),(64,85,32,'2024-04-11',33,'Despite under but accept.\nInterview for mention address. Girl pass different pay. Blue significant put board green. Hit small style community full.','2024-07-22 03:10:12','2024-07-22 03:10:12'),(65,57,73,'2024-06-02',77,'Him visit election share. Peace south receive lose present well. Present author wrong nice.\nThe evening base. Administration rule area early.','2024-07-22 03:10:12','2024-07-22 03:10:12'),(66,99,70,'2023-05-26',16,'Entire control matter really guess manage per. Return soon second stay strong successful dinner.','2024-07-22 03:10:12','2024-07-22 03:10:12'),(67,73,71,'2023-05-12',62,'Apply behind development decision. Spend same real team seven military also.\nAnswer style try. Ahead management hand make who early administration.','2024-07-22 03:10:12','2024-07-22 03:10:12'),(68,19,83,'2023-04-19',67,'Your material or item. Little eye interest five hold money voice feel.\nLand foreign long offer.\nSing that doctor. Just offer place talk walk suggest.','2024-07-22 03:10:12','2024-07-22 03:10:12'),(69,67,45,'2022-09-17',99,'Water sense Mrs southern. Security about our perform relate glass.\nAddress wall drug form win product attorney. Pm away site end.\nSong wind seek play. Perhaps will best decade now owner.','2024-07-22 03:10:12','2024-07-22 03:10:12'),(70,83,31,'2022-10-03',88,'However best stage. Wind administration animal individual. Certainly hit benefit next third safe act.','2024-07-22 03:10:12','2024-07-22 03:10:12'),(71,91,37,'2022-12-19',79,'Station million those approach. Past if central long finish recognize.\nLetter budget film sure star oil life financial. Focus ability over trial middle base truth.','2024-07-22 03:10:12','2024-07-22 03:10:12'),(72,17,44,'2023-10-27',82,'Evening take activity difference ten. Language thus material.\nScientist best music camera institution act. Despite several ago enough. Produce sister discover fire child feeling trouble candidate.','2024-07-22 03:10:12','2024-07-22 03:10:12'),(73,35,93,'2022-12-18',47,'Group check idea dinner car important. Draw town themselves play more. Certainly north claim couple fine.','2024-07-22 03:10:12','2024-07-22 03:10:12'),(74,2,57,'2023-03-22',7,'Direction usually blue pressure. Near girl after community. Seek treat stuff do throughout cultural ahead. Lot situation form true do across PM.','2024-07-22 03:10:12','2024-07-22 03:10:12'),(75,26,42,'2023-10-21',85,'Answer remember organization best memory cell enjoy. Successful decision across executive me. Spring far research huge add.\nGame somebody continue we remember ever. Heart bill few and foreign.','2024-07-22 03:10:12','2024-07-22 03:10:12'),(76,81,97,'2022-08-20',6,'Although any decade call think. Against short old stand relationship performance unit toward. Myself hotel attack hundred never others wish.','2024-07-22 03:10:12','2024-07-22 03:10:12'),(77,80,26,'2023-05-18',70,'Only church almost remain phone. Choice again politics national still condition.\nHigh beyond a drug pass. Benefit should small floor include smile once. Everyone woman amount or effort story compare.','2024-07-22 03:10:12','2024-07-22 03:10:12'),(78,91,73,'2023-11-17',25,'Image past huge report bag notice possible. Enjoy resource instead international. Type ok how age.','2024-07-22 03:10:12','2024-07-22 03:10:12'),(79,42,62,'2023-03-10',9,'Rather base customer as. Identify between magazine produce wear may model. Decide but receive place.\nProduce have environmental account above head environment. Follow opportunity free rich.','2024-07-22 03:10:12','2024-07-22 03:10:12'),(80,96,23,'2023-07-04',29,'Sit wish pretty pretty so. Section which wear popular skill. Take top station no door.\nMind ago figure myself mission out relationship.','2024-07-22 03:10:12','2024-07-22 03:10:12'),(81,93,98,'2023-09-06',4,'Leave yes decade never name. Add compare company soon want. Arm worry prepare traditional.','2024-07-22 03:10:12','2024-07-22 03:10:12'),(82,80,76,'2022-09-10',95,'Almost foreign building simple class. Although TV attention walk.\nAnother east green able. White never country.','2024-07-22 03:10:12','2024-07-22 03:10:12'),(83,36,65,'2023-11-05',80,'Lose stuff again listen. Movie girl else listen alone computer. Remain you score teach billion just certainly.\nDevelop personal many group start. Responsibility hand trial.','2024-07-22 03:10:12','2024-07-22 03:10:12'),(84,97,78,'2022-11-18',94,'School daughter risk again. Ability rule modern manager fall police. Evening back such.','2024-07-22 03:10:12','2024-07-22 03:10:12'),(85,87,33,'2023-10-02',30,'Analysis model available national sell officer ten. Issue sometimes probably cell nice research.\nLevel although goal camera. Face serious peace poor expert thus enjoy tax.','2024-07-22 03:10:12','2024-07-22 03:10:12'),(86,46,77,'2023-02-08',83,'Home official theory because specific. Manage example account less interesting hand.\nAnswer institution that purpose day wish forward. Garden the movie mean according choice development.','2024-07-22 03:10:12','2024-07-22 03:10:12'),(87,76,17,'2023-03-19',76,'Painting set be second check. Show onto husband public break.\nCut then song now reduce receive option. Study speak grow court interview.','2024-07-22 03:10:12','2024-07-22 03:10:12'),(88,84,28,'2022-07-21',21,'Control investment meet account gun then vote. Civil tell beautiful thought degree. Official indeed thus law interest fund.','2024-07-22 03:10:12','2024-07-22 03:10:12'),(89,52,12,'2023-04-16',60,'Reach interesting order forward region. Civil test mind pattern happen.\nDefense know since. Prove spring charge.','2024-07-22 03:10:12','2024-07-22 03:10:12'),(90,48,86,'2024-02-17',42,'Amount senior answer lot. Reflect husband could. National above expect garden lot although.\nExplain item particularly significant then. Child street itself four class. Soon change example wife.','2024-07-22 03:10:12','2024-07-22 03:10:12'),(91,64,18,'2022-12-01',13,'Use least about fact none heavy international. Front effect wait understand.','2024-07-22 03:10:12','2024-07-22 03:10:12'),(92,13,99,'2022-12-01',68,'Him no bit answer commercial. Speak institution evening make case door.\nLeft your build energy power big might. Experience majority enjoy increase conference increase least.','2024-07-22 03:10:12','2024-07-22 03:10:12'),(93,99,85,'2024-01-13',20,'Yet protect account possible development up. Them shoulder choice best area.\nAir thing into street knowledge near hundred. Dark describe paper partner. Area others surface collection idea investment.','2024-07-22 03:10:12','2024-07-22 03:10:12'),(94,88,28,'2023-12-31',67,'Five above serve machine adult individual. Firm audience fall.\nBuild alone figure fish. Board hundred Congress very once song. Imagine summer prevent follow opportunity.','2024-07-22 03:10:12','2024-07-22 03:10:12'),(95,77,87,'2023-01-30',44,'Modern edge develop commercial. Cultural fire now suddenly personal. Leader budget arrive someone.\nValue push west rule human community reveal. Data foreign by forget answer lead. Air light politics.','2024-07-22 03:10:12','2024-07-22 03:10:12'),(96,3,45,'2024-06-23',38,'Social law mention act tonight. Stock performance item either him when attention. Into too whether eat.\nAny right decision. Staff support country purpose. Receive true put old.','2024-07-22 03:10:12','2024-07-22 03:10:12'),(97,12,26,'2023-11-18',15,'Huge plan sometimes close behind. Another between theory despite travel capital address.','2024-07-22 03:10:12','2024-07-22 03:10:12'),(98,52,65,'2024-01-03',93,'Have weight public.\nAdmit require ready crime risk arrive. Western quickly add radio challenge person response. Sound effect add family make concern reflect word. Child kitchen power enough.','2024-07-22 03:10:12','2024-07-22 03:10:12'),(99,69,43,'2022-08-28',68,'Discover Mr nothing. Group throw enough while.\nSave others thousand age.\nPlant writer summer show likely teach manager over. Summer speak decision always name. Throughout require production out yard.','2024-07-22 03:10:12','2024-07-22 03:10:12'),(100,32,100,'2023-05-25',42,'Own agreement economy however thousand. Mouth character study threat reason red.\nCold determine song training long doctor baby subject. Century parent sing hospital role note ok.','2024-07-22 03:10:12','2024-07-22 03:10:12');
/*!40000 ALTER TABLE `returns` ENABLE KEYS */;
UNLOCK TABLES;

--
-- Table structure for table `sales`
--

DROP TABLE IF EXISTS `sales`;
/*!40101 SET @saved_cs_client     = @@character_set_client */;
/*!50503 SET character_set_client = utf8mb4 */;
CREATE TABLE `sales` (
  `SaleID` int(11) NOT NULL AUTO_INCREMENT,
  `SaleDate` date DEFAULT NULL,
  `TotalAmount` decimal(10,2) DEFAULT NULL,
  `Status` varchar(50) DEFAULT NULL,
  PRIMARY KEY (`SaleID`)
) ENGINE=InnoDB AUTO_INCREMENT=101 DEFAULT CHARSET=utf8mb4 COLLATE=utf8mb4_general_ci;
/*!40101 SET character_set_client = @saved_cs_client */;

--
-- Dumping data for table `sales`
--

LOCK TABLES `sales` WRITE;
/*!40000 ALTER TABLE `sales` DISABLE KEYS */;
INSERT INTO `sales` VALUES (1,'2023-12-19',1062.69,'Completed'),(2,'2023-01-15',8930.30,'Cancelled'),(3,'2023-02-06',1560.79,'Pending'),(4,'2024-05-29',8971.52,'Cancelled'),(5,'2024-05-29',9215.51,'Pending'),(6,'2023-03-22',3276.02,'Pending'),(7,'2023-10-22',482.93,'Completed'),(8,'2023-11-16',9312.97,'Pending'),(9,'2023-06-30',616.49,'Cancelled'),(10,'2022-12-18',7046.61,'Cancelled'),(11,'2024-03-10',3762.83,'Completed'),(12,'2024-04-13',5845.49,'Cancelled'),(13,'2024-04-18',7985.20,'Pending'),(14,'2023-08-29',2450.12,'Completed'),(15,'2024-07-10',5448.61,'Pending'),(16,'2023-01-06',8327.55,'Pending'),(17,'2022-08-18',2919.00,'Pending'),(18,'2022-09-15',5793.61,'Cancelled'),(19,'2022-09-09',1961.19,'Completed'),(20,'2024-06-05',9416.02,'Pending'),(21,'2022-11-11',8364.27,'Cancelled'),(22,'2022-08-17',1837.18,'Cancelled'),(23,'2022-12-04',6746.01,'Cancelled'),(24,'2022-10-23',4285.93,'Cancelled'),(25,'2024-03-31',944.04,'Pending'),(26,'2024-01-08',6901.84,'Cancelled'),(27,'2022-11-20',7870.89,'Cancelled'),(28,'2022-12-10',1840.36,'Cancelled'),(29,'2022-09-06',4254.33,'Pending'),(30,'2023-05-13',7131.95,'Completed'),(31,'2024-06-03',5027.19,'Cancelled'),(32,'2022-11-22',6393.69,'Cancelled'),(33,'2023-02-07',7740.02,'Completed'),(34,'2023-12-13',2577.36,'Completed'),(35,'2024-06-09',3608.72,'Completed'),(36,'2022-08-28',7274.97,'Completed'),(37,'2023-09-01',7068.92,'Cancelled'),(38,'2023-07-17',7434.30,'Pending'),(39,'2023-12-25',866.52,'Pending'),(40,'2024-06-30',7918.52,'Completed'),(41,'2022-08-19',7807.83,'Completed'),(42,'2022-11-10',5738.68,'Cancelled'),(43,'2023-09-17',7834.51,'Completed'),(44,'2023-11-23',4238.18,'Pending'),(45,'2023-05-09',7092.07,'Pending'),(46,'2024-06-20',1639.07,'Pending'),(47,'2023-10-05',3012.60,'Pending'),(48,'2023-03-09',7606.19,'Completed'),(49,'2023-10-27',1713.65,'Pending'),(50,'2024-05-19',1912.26,'Pending'),(51,'2023-04-02',6701.62,'Cancelled'),(52,'2023-09-24',7017.65,'Pending'),(53,'2023-01-11',8814.03,'Pending'),(54,'2024-04-15',2526.44,'Completed'),(55,'2024-04-23',3087.99,'Completed'),(56,'2022-12-08',7790.92,'Cancelled'),(57,'2022-09-12',7555.57,'Cancelled'),(58,'2022-12-27',9809.04,'Cancelled'),(59,'2024-02-24',5553.67,'Pending'),(60,'2023-10-04',5591.97,'Completed'),(61,'2023-05-02',9378.75,'Cancelled'),(62,'2023-02-16',8029.93,'Pending'),(63,'2023-01-17',4455.94,'Pending'),(64,'2024-01-08',3831.30,'Completed'),(65,'2022-08-31',612.34,'Completed'),(66,'2024-06-17',8171.17,'Completed'),(67,'2023-06-12',540.58,'Completed'),(68,'2022-08-22',6039.40,'Pending'),(69,'2022-08-06',182.66,'Pending'),(70,'2023-06-08',4914.33,'Pending'),(71,'2023-07-27',4186.63,'Cancelled'),(72,'2024-02-17',4459.19,'Cancelled'),(73,'2023-03-16',8900.59,'Cancelled'),(74,'2024-03-26',5595.48,'Pending'),(75,'2024-02-03',2150.15,'Completed'),(76,'2024-07-08',4574.34,'Cancelled'),(77,'2023-07-22',2274.73,'Pending'),(78,'2024-02-29',3052.19,'Cancelled'),(79,'2023-09-28',5524.56,'Pending'),(80,'2023-06-03',2231.48,'Completed'),(81,'2022-07-22',4768.37,'Cancelled'),(82,'2024-04-10',597.68,'Cancelled'),(83,'2023-08-02',3394.53,'Pending'),(84,'2023-02-12',9084.30,'Pending'),(85,'2024-03-06',9860.12,'Pending'),(86,'2023-02-02',250.65,'Cancelled'),(87,'2023-02-14',4309.02,'Cancelled'),(88,'2023-10-08',1300.84,'Cancelled'),(89,'2022-08-01',2983.10,'Cancelled'),(90,'2023-03-01',721.22,'Cancelled'),(91,'2023-08-31',4365.81,'Completed'),(92,'2023-03-25',8905.20,'Pending'),(93,'2023-09-05',3498.12,'Completed'),(94,'2022-11-05',4362.69,'Cancelled'),(95,'2022-09-20',6796.16,'Pending'),(96,'2024-03-29',5293.93,'Pending'),(97,'2023-11-26',6982.17,'Cancelled'),(98,'2023-06-08',2693.04,'Completed'),(99,'2023-09-30',4171.46,'Pending'),(100,'2023-08-16',1704.59,'Completed');
/*!40000 ALTER TABLE `sales` ENABLE KEYS */;
UNLOCK TABLES;

--
-- Table structure for table `salesdetails`
--

DROP TABLE IF EXISTS `salesdetails`;
/*!40101 SET @saved_cs_client     = @@character_set_client */;
/*!50503 SET character_set_client = utf8mb4 */;
CREATE TABLE `salesdetails` (
  `SaleDetailID` int(11) NOT NULL AUTO_INCREMENT,
  `SaleID` int(11) DEFAULT NULL,
  `ProductID` int(11) DEFAULT NULL,
  `Quantity` int(11) DEFAULT NULL,
  `UnitPrice` decimal(10,2) DEFAULT NULL,
  `CreatedAt` timestamp NOT NULL DEFAULT current_timestamp(),
  `UpdatedAt` timestamp NOT NULL DEFAULT current_timestamp() ON UPDATE current_timestamp(),
  PRIMARY KEY (`SaleDetailID`),
  KEY `SaleID` (`SaleID`),
  KEY `ProductID` (`ProductID`),
  CONSTRAINT `salesdetails_ibfk_1` FOREIGN KEY (`SaleID`) REFERENCES `sales` (`SaleID`),
  CONSTRAINT `salesdetails_ibfk_2` FOREIGN KEY (`ProductID`) REFERENCES `products` (`ProductID`)
) ENGINE=InnoDB AUTO_INCREMENT=101 DEFAULT CHARSET=utf8mb4 COLLATE=utf8mb4_general_ci;
/*!40101 SET character_set_client = @saved_cs_client */;

--
-- Dumping data for table `salesdetails`
--

LOCK TABLES `salesdetails` WRITE;
/*!40000 ALTER TABLE `salesdetails` DISABLE KEYS */;
INSERT INTO `salesdetails` VALUES (1,28,30,54,80.06,'2024-07-22 03:10:12','2024-07-22 03:10:12'),(2,27,48,51,19.33,'2024-07-22 03:10:12','2024-07-22 03:10:12'),(3,63,20,23,82.70,'2024-07-22 03:10:12','2024-07-22 03:10:12'),(4,32,28,22,66.97,'2024-07-22 03:10:12','2024-07-22 03:10:12'),(5,43,89,87,90.71,'2024-07-22 03:10:12','2024-07-22 03:10:12'),(6,100,24,28,40.28,'2024-07-22 03:10:12','2024-07-22 03:10:12'),(7,18,24,25,22.12,'2024-07-22 03:10:12','2024-07-22 03:10:12'),(8,24,59,76,10.21,'2024-07-22 03:10:12','2024-07-22 03:10:12'),(9,61,93,6,57.97,'2024-07-22 03:10:12','2024-07-22 03:10:12'),(10,41,20,68,78.56,'2024-07-22 03:10:12','2024-07-22 03:10:12'),(11,14,26,54,66.30,'2024-07-22 03:10:12','2024-07-22 03:10:12'),(12,10,72,89,62.31,'2024-07-22 03:10:12','2024-07-22 03:10:12'),(13,74,34,76,62.40,'2024-07-22 03:10:12','2024-07-22 03:10:12'),(14,58,74,95,74.48,'2024-07-22 03:10:12','2024-07-22 03:10:12'),(15,72,90,9,74.15,'2024-07-22 03:10:12','2024-07-22 03:10:12'),(16,65,6,35,10.48,'2024-07-22 03:10:12','2024-07-22 03:10:12'),(17,82,99,18,77.25,'2024-07-22 03:10:12','2024-07-22 03:10:12'),(18,83,100,40,56.95,'2024-07-22 03:10:12','2024-07-22 03:10:12'),(19,84,8,18,67.40,'2024-07-22 03:10:12','2024-07-22 03:10:12'),(20,43,68,51,2.76,'2024-07-22 03:10:12','2024-07-22 03:10:12'),(21,43,61,19,47.47,'2024-07-22 03:10:12','2024-07-22 03:10:12'),(22,100,11,25,81.06,'2024-07-22 03:10:12','2024-07-22 03:10:12'),(23,29,66,8,96.26,'2024-07-22 03:10:12','2024-07-22 03:10:12'),(24,14,97,36,10.21,'2024-07-22 03:10:12','2024-07-22 03:10:12'),(25,57,73,47,78.13,'2024-07-22 03:10:12','2024-07-22 03:10:12'),(26,24,26,7,40.84,'2024-07-22 03:10:12','2024-07-22 03:10:12'),(27,86,30,87,16.93,'2024-07-22 03:10:12','2024-07-22 03:10:12'),(28,32,98,81,73.83,'2024-07-22 03:10:12','2024-07-22 03:10:12'),(29,12,15,80,21.55,'2024-07-22 03:10:12','2024-07-22 03:10:12'),(30,30,46,68,1.17,'2024-07-22 03:10:12','2024-07-22 03:10:12'),(31,5,4,68,31.22,'2024-07-22 03:10:12','2024-07-22 03:10:12'),(32,11,98,75,41.44,'2024-07-22 03:10:12','2024-07-22 03:10:12'),(33,41,23,17,23.83,'2024-07-22 03:10:12','2024-07-22 03:10:12'),(34,36,44,74,91.30,'2024-07-22 03:10:12','2024-07-22 03:10:12'),(35,48,49,94,33.30,'2024-07-22 03:10:12','2024-07-22 03:10:12'),(36,96,3,38,3.41,'2024-07-22 03:10:12','2024-07-22 03:10:12'),(37,77,4,72,22.43,'2024-07-22 03:10:12','2024-07-22 03:10:12'),(38,40,16,48,82.62,'2024-07-22 03:10:12','2024-07-22 03:10:12'),(39,78,8,69,18.17,'2024-07-22 03:10:12','2024-07-22 03:10:12'),(40,54,34,82,32.34,'2024-07-22 03:10:12','2024-07-22 03:10:12'),(41,53,34,56,41.06,'2024-07-22 03:10:12','2024-07-22 03:10:12'),(42,25,37,2,38.69,'2024-07-22 03:10:12','2024-07-22 03:10:12'),(43,12,25,72,62.91,'2024-07-22 03:10:12','2024-07-22 03:10:12'),(44,61,81,17,65.43,'2024-07-22 03:10:12','2024-07-22 03:10:12'),(45,15,91,67,68.64,'2024-07-22 03:10:12','2024-07-22 03:10:12'),(46,17,2,96,62.27,'2024-07-22 03:10:12','2024-07-22 03:10:12'),(47,88,6,71,37.52,'2024-07-22 03:10:12','2024-07-22 03:10:12'),(48,1,100,39,81.54,'2024-07-22 03:10:12','2024-07-22 03:10:12'),(49,46,60,6,83.75,'2024-07-22 03:10:12','2024-07-22 03:10:12'),(50,12,13,100,60.23,'2024-07-22 03:10:12','2024-07-22 03:10:12'),(51,49,96,84,50.64,'2024-07-22 03:10:12','2024-07-22 03:10:12'),(52,12,56,92,63.64,'2024-07-22 03:10:12','2024-07-22 03:10:12'),(53,24,98,51,97.78,'2024-07-22 03:10:12','2024-07-22 03:10:12'),(54,91,71,87,99.30,'2024-07-22 03:10:12','2024-07-22 03:10:12'),(55,5,80,11,42.53,'2024-07-22 03:10:12','2024-07-22 03:10:12'),(56,69,62,21,79.16,'2024-07-22 03:10:12','2024-07-22 03:10:12'),(57,67,30,20,50.30,'2024-07-22 03:10:12','2024-07-22 03:10:12'),(58,56,94,89,39.48,'2024-07-22 03:10:12','2024-07-22 03:10:12'),(59,68,43,80,30.41,'2024-07-22 03:10:12','2024-07-22 03:10:12'),(60,21,79,33,26.82,'2024-07-22 03:10:12','2024-07-22 03:10:12'),(61,39,90,58,22.55,'2024-07-22 03:10:12','2024-07-22 03:10:12'),(62,74,18,92,70.74,'2024-07-22 03:10:12','2024-07-22 03:10:12'),(63,61,58,26,62.54,'2024-07-22 03:10:12','2024-07-22 03:10:12'),(64,82,95,59,75.92,'2024-07-22 03:10:12','2024-07-22 03:10:12'),(65,15,32,58,12.39,'2024-07-22 03:10:12','2024-07-22 03:10:12'),(66,11,42,98,5.90,'2024-07-22 03:10:12','2024-07-22 03:10:12'),(67,99,44,3,29.59,'2024-07-22 03:10:12','2024-07-22 03:10:12'),(68,32,8,4,13.87,'2024-07-22 03:10:12','2024-07-22 03:10:12'),(69,85,4,53,80.97,'2024-07-22 03:10:12','2024-07-22 03:10:12'),(70,89,25,22,41.69,'2024-07-22 03:10:12','2024-07-22 03:10:12'),(71,1,29,79,23.83,'2024-07-22 03:10:12','2024-07-22 03:10:12'),(72,40,24,29,39.54,'2024-07-22 03:10:12','2024-07-22 03:10:12'),(73,70,9,26,16.70,'2024-07-22 03:10:12','2024-07-22 03:10:12'),(74,60,94,42,97.15,'2024-07-22 03:10:12','2024-07-22 03:10:12'),(75,30,37,30,85.24,'2024-07-22 03:10:12','2024-07-22 03:10:12'),(76,49,79,77,46.12,'2024-07-22 03:10:12','2024-07-22 03:10:12'),(77,38,18,43,20.49,'2024-07-22 03:10:12','2024-07-22 03:10:12'),(78,88,70,42,88.58,'2024-07-22 03:10:12','2024-07-22 03:10:12'),(79,11,17,31,38.49,'2024-07-22 03:10:12','2024-07-22 03:10:12'),(80,24,28,98,62.57,'2024-07-22 03:10:12','2024-07-22 03:10:12'),(81,57,46,16,13.94,'2024-07-22 03:10:12','2024-07-22 03:10:12'),(82,34,4,99,58.19,'2024-07-22 03:10:12','2024-07-22 03:10:12'),(83,80,82,62,19.23,'2024-07-22 03:10:12','2024-07-22 03:10:12'),(84,81,57,45,58.72,'2024-07-22 03:10:12','2024-07-22 03:10:12'),(85,64,37,55,66.90,'2024-07-22 03:10:12','2024-07-22 03:10:12'),(86,53,15,32,86.88,'2024-07-22 03:10:12','2024-07-22 03:10:12'),(87,52,84,13,82.62,'2024-07-22 03:10:12','2024-07-22 03:10:12'),(88,65,24,34,91.72,'2024-07-22 03:10:12','2024-07-22 03:10:12'),(89,45,59,58,26.06,'2024-07-22 03:10:12','2024-07-22 03:10:12'),(90,65,95,80,22.54,'2024-07-22 03:10:12','2024-07-22 03:10:12'),(91,89,69,90,80.40,'2024-07-22 03:10:12','2024-07-22 03:10:12'),(92,46,51,55,36.44,'2024-07-22 03:10:12','2024-07-22 03:10:12'),(93,44,34,36,36.50,'2024-07-22 03:10:12','2024-07-22 03:10:12'),(94,88,55,39,73.55,'2024-07-22 03:10:12','2024-07-22 03:10:12'),(95,98,30,51,7.37,'2024-07-22 03:10:12','2024-07-22 03:10:12'),(96,41,34,84,41.59,'2024-07-22 03:10:12','2024-07-22 03:10:12'),(97,32,11,26,70.71,'2024-07-22 03:10:12','2024-07-22 03:10:12'),(98,3,46,82,84.76,'2024-07-22 03:10:12','2024-07-22 03:10:12'),(99,42,26,99,88.29,'2024-07-22 03:10:12','2024-07-22 03:10:12'),(100,70,72,41,82.46,'2024-07-22 03:10:12','2024-07-22 03:10:12');
/*!40000 ALTER TABLE `salesdetails` ENABLE KEYS */;
UNLOCK TABLES;

--
-- Table structure for table `stocklevels`
--

DROP TABLE IF EXISTS `stocklevels`;
/*!40101 SET @saved_cs_client     = @@character_set_client */;
/*!50503 SET character_set_client = utf8mb4 */;
CREATE TABLE `stocklevels` (
  `StockLevelID` int(11) NOT NULL AUTO_INCREMENT,
  `ProductID` int(11) DEFAULT NULL,
  `StockDate` date DEFAULT NULL,
  `StockIn` int(11) DEFAULT NULL,
  `StockOut` int(11) DEFAULT NULL,
  `CreatedAt` timestamp NOT NULL DEFAULT current_timestamp(),
  `UpdatedAt` timestamp NOT NULL DEFAULT current_timestamp() ON UPDATE current_timestamp(),
  PRIMARY KEY (`StockLevelID`),
  KEY `ProductID` (`ProductID`),
  CONSTRAINT `stocklevels_ibfk_1` FOREIGN KEY (`ProductID`) REFERENCES `products` (`ProductID`)
) ENGINE=InnoDB AUTO_INCREMENT=101 DEFAULT CHARSET=utf8mb4 COLLATE=utf8mb4_general_ci;
/*!40101 SET character_set_client = @saved_cs_client */;

--
-- Dumping data for table `stocklevels`
--

LOCK TABLES `stocklevels` WRITE;
/*!40000 ALTER TABLE `stocklevels` DISABLE KEYS */;
INSERT INTO `stocklevels` VALUES (1,1,'2023-05-15',28,46,'2024-07-22 03:10:12','2024-07-22 03:10:12'),(2,1,'2024-04-20',100,39,'2024-07-22 03:10:12','2024-07-22 03:10:12'),(3,76,'2023-10-11',48,25,'2024-07-22 03:10:12','2024-07-22 03:10:12'),(4,30,'2024-01-02',40,55,'2024-07-22 03:10:12','2024-07-22 03:10:12'),(5,44,'2023-10-13',35,92,'2024-07-22 03:10:12','2024-07-22 03:10:12'),(6,34,'2023-08-14',95,49,'2024-07-22 03:10:12','2024-07-22 03:10:12'),(7,57,'2023-01-25',90,75,'2024-07-22 03:10:12','2024-07-22 03:10:12'),(8,56,'2023-09-09',53,45,'2024-07-22 03:10:12','2024-07-22 03:10:12'),(9,51,'2023-04-21',25,60,'2024-07-22 03:10:12','2024-07-22 03:10:12'),(10,68,'2023-01-16',48,13,'2024-07-22 03:10:12','2024-07-22 03:10:12'),(11,93,'2023-02-11',67,3,'2024-07-22 03:10:12','2024-07-22 03:10:12'),(12,32,'2024-04-09',80,33,'2024-07-22 03:10:12','2024-07-22 03:10:12'),(13,54,'2023-10-02',84,70,'2024-07-22 03:10:12','2024-07-22 03:10:12'),(14,34,'2024-04-10',57,34,'2024-07-22 03:10:12','2024-07-22 03:10:12'),(15,58,'2022-07-24',4,80,'2024-07-22 03:10:12','2024-07-22 03:10:12'),(16,44,'2024-03-28',32,69,'2024-07-22 03:10:12','2024-07-22 03:10:12'),(17,30,'2024-04-28',79,43,'2024-07-22 03:10:12','2024-07-22 03:10:12'),(18,85,'2023-06-03',80,37,'2024-07-22 03:10:12','2024-07-22 03:10:12'),(19,70,'2023-06-28',98,5,'2024-07-22 03:10:12','2024-07-22 03:10:12'),(20,16,'2024-04-14',91,39,'2024-07-22 03:10:12','2024-07-22 03:10:12'),(21,66,'2024-05-05',33,34,'2024-07-22 03:10:12','2024-07-22 03:10:12'),(22,9,'2024-04-12',48,87,'2024-07-22 03:10:12','2024-07-22 03:10:12'),(23,51,'2024-03-27',0,75,'2024-07-22 03:10:12','2024-07-22 03:10:12'),(24,99,'2022-12-09',49,97,'2024-07-22 03:10:12','2024-07-22 03:10:12'),(25,81,'2022-11-21',68,88,'2024-07-22 03:10:12','2024-07-22 03:10:12'),(26,32,'2024-07-05',21,91,'2024-07-22 03:10:12','2024-07-22 03:10:12'),(27,10,'2024-01-16',65,32,'2024-07-22 03:10:12','2024-07-22 03:10:12'),(28,14,'2023-09-07',57,92,'2024-07-22 03:10:12','2024-07-22 03:10:12'),(29,29,'2023-02-08',97,7,'2024-07-22 03:10:12','2024-07-22 03:10:12'),(30,2,'2023-05-09',21,94,'2024-07-22 03:10:12','2024-07-22 03:10:12'),(31,23,'2022-09-02',9,25,'2024-07-22 03:10:12','2024-07-22 03:10:12'),(32,55,'2024-05-03',30,81,'2024-07-22 03:10:12','2024-07-22 03:10:12'),(33,55,'2023-10-31',71,17,'2024-07-22 03:10:12','2024-07-22 03:10:12'),(34,91,'2023-10-21',100,80,'2024-07-22 03:10:12','2024-07-22 03:10:12'),(35,18,'2022-10-17',50,1,'2024-07-22 03:10:12','2024-07-22 03:10:12'),(36,96,'2024-04-15',13,89,'2024-07-22 03:10:12','2024-07-22 03:10:12'),(37,97,'2023-01-12',85,76,'2024-07-22 03:10:12','2024-07-22 03:10:12'),(38,48,'2024-02-19',62,12,'2024-07-22 03:10:12','2024-07-22 03:10:12'),(39,34,'2024-03-08',82,64,'2024-07-22 03:10:12','2024-07-22 03:10:12'),(40,69,'2024-01-02',66,52,'2024-07-22 03:10:12','2024-07-22 03:10:12'),(41,14,'2023-10-31',57,70,'2024-07-22 03:10:12','2024-07-22 03:10:12'),(42,9,'2022-11-06',64,93,'2024-07-22 03:10:12','2024-07-22 03:10:12'),(43,6,'2023-02-13',69,33,'2024-07-22 03:10:12','2024-07-22 03:10:12'),(44,95,'2023-02-13',24,93,'2024-07-22 03:10:12','2024-07-22 03:10:12'),(45,4,'2023-08-23',5,18,'2024-07-22 03:10:12','2024-07-22 03:10:12'),(46,62,'2023-01-22',29,98,'2024-07-22 03:10:12','2024-07-22 03:10:12'),(47,95,'2024-05-04',7,81,'2024-07-22 03:10:12','2024-07-22 03:10:12'),(48,65,'2023-10-02',72,81,'2024-07-22 03:10:12','2024-07-22 03:10:12'),(49,24,'2023-05-09',25,79,'2024-07-22 03:10:12','2024-07-22 03:10:12'),(50,100,'2023-07-28',14,89,'2024-07-22 03:10:12','2024-07-22 03:10:12'),(51,6,'2022-07-28',75,42,'2024-07-22 03:10:12','2024-07-22 03:10:12'),(52,29,'2024-07-04',36,53,'2024-07-22 03:10:12','2024-07-22 03:10:12'),(53,40,'2023-03-01',64,77,'2024-07-22 03:10:12','2024-07-22 03:10:12'),(54,80,'2023-01-04',61,65,'2024-07-22 03:10:12','2024-07-22 03:10:12'),(55,84,'2023-12-18',72,95,'2024-07-22 03:10:12','2024-07-22 03:10:12'),(56,45,'2023-03-25',14,85,'2024-07-22 03:10:12','2024-07-22 03:10:12'),(57,57,'2023-05-06',72,77,'2024-07-22 03:10:12','2024-07-22 03:10:12'),(58,72,'2024-03-07',55,25,'2024-07-22 03:10:12','2024-07-22 03:10:12'),(59,65,'2022-09-09',88,51,'2024-07-22 03:10:12','2024-07-22 03:10:12'),(60,20,'2023-06-13',18,38,'2024-07-22 03:10:12','2024-07-22 03:10:12'),(61,85,'2024-01-21',43,63,'2024-07-22 03:10:12','2024-07-22 03:10:12'),(62,62,'2023-11-18',24,8,'2024-07-22 03:10:12','2024-07-22 03:10:12'),(63,8,'2022-10-08',19,74,'2024-07-22 03:10:12','2024-07-22 03:10:12'),(64,21,'2023-10-25',53,17,'2024-07-22 03:10:12','2024-07-22 03:10:12'),(65,87,'2023-07-10',89,82,'2024-07-22 03:10:12','2024-07-22 03:10:12'),(66,48,'2023-02-19',41,82,'2024-07-22 03:10:12','2024-07-22 03:10:12'),(67,86,'2023-07-15',14,13,'2024-07-22 03:10:12','2024-07-22 03:10:12'),(68,71,'2024-03-28',53,42,'2024-07-22 03:10:12','2024-07-22 03:10:12'),(69,68,'2023-09-15',25,83,'2024-07-22 03:10:12','2024-07-22 03:10:12'),(70,37,'2022-10-16',0,69,'2024-07-22 03:10:12','2024-07-22 03:10:12'),(71,76,'2024-07-12',43,39,'2024-07-22 03:10:12','2024-07-22 03:10:12'),(72,75,'2023-12-16',44,25,'2024-07-22 03:10:12','2024-07-22 03:10:12'),(73,72,'2022-12-02',44,37,'2024-07-22 03:10:12','2024-07-22 03:10:12'),(74,40,'2022-10-05',75,49,'2024-07-22 03:10:12','2024-07-22 03:10:12'),(75,50,'2023-02-16',47,73,'2024-07-22 03:10:12','2024-07-22 03:10:12'),(76,8,'2024-07-08',86,9,'2024-07-22 03:10:12','2024-07-22 03:10:12'),(77,44,'2023-03-06',84,55,'2024-07-22 03:10:12','2024-07-22 03:10:12'),(78,88,'2024-06-29',57,15,'2024-07-22 03:10:12','2024-07-22 03:10:12'),(79,79,'2022-09-28',60,53,'2024-07-22 03:10:12','2024-07-22 03:10:12'),(80,98,'2024-05-22',70,4,'2024-07-22 03:10:12','2024-07-22 03:10:12'),(81,48,'2023-11-29',47,45,'2024-07-22 03:10:12','2024-07-22 03:10:12'),(82,61,'2023-01-17',100,82,'2024-07-22 03:10:12','2024-07-22 03:10:12'),(83,10,'2022-10-19',35,53,'2024-07-22 03:10:12','2024-07-22 03:10:12'),(84,53,'2023-05-22',53,59,'2024-07-22 03:10:12','2024-07-22 03:10:12'),(85,81,'2023-11-07',12,44,'2024-07-22 03:10:12','2024-07-22 03:10:12'),(86,43,'2023-10-05',20,11,'2024-07-22 03:10:12','2024-07-22 03:10:12'),(87,32,'2022-11-21',96,12,'2024-07-22 03:10:12','2024-07-22 03:10:12'),(88,34,'2022-08-31',70,41,'2024-07-22 03:10:12','2024-07-22 03:10:12'),(89,38,'2022-12-31',80,52,'2024-07-22 03:10:12','2024-07-22 03:10:12'),(90,81,'2023-02-04',15,60,'2024-07-22 03:10:12','2024-07-22 03:10:12'),(91,51,'2023-06-09',77,6,'2024-07-22 03:10:12','2024-07-22 03:10:12'),(92,76,'2024-04-01',27,99,'2024-07-22 03:10:12','2024-07-22 03:10:12'),(93,97,'2024-02-15',61,47,'2024-07-22 03:10:12','2024-07-22 03:10:12'),(94,43,'2022-08-22',74,75,'2024-07-22 03:10:12','2024-07-22 03:10:12'),(95,70,'2022-08-18',37,16,'2024-07-22 03:10:12','2024-07-22 03:10:12'),(96,32,'2024-04-24',43,96,'2024-07-22 03:10:12','2024-07-22 03:10:12'),(97,64,'2023-06-05',18,1,'2024-07-22 03:10:12','2024-07-22 03:10:12'),(98,6,'2022-08-22',3,97,'2024-07-22 03:10:12','2024-07-22 03:10:12'),(99,49,'2024-06-01',8,54,'2024-07-22 03:10:12','2024-07-22 03:10:12'),(100,47,'2022-12-23',14,56,'2024-07-22 03:10:12','2024-07-22 03:10:12');
/*!40000 ALTER TABLE `stocklevels` ENABLE KEYS */;
UNLOCK TABLES;

--
-- Table structure for table `suppliers`
--

DROP TABLE IF EXISTS `suppliers`;
/*!40101 SET @saved_cs_client     = @@character_set_client */;
/*!50503 SET character_set_client = utf8mb4 */;
CREATE TABLE `suppliers` (
  `SupplierID` int(11) NOT NULL AUTO_INCREMENT,
  `CompanyName` varchar(100) NOT NULL,
  `ContactName` varchar(100) DEFAULT NULL,
  `ContactTitle` varchar(50) DEFAULT NULL,
  `Address` varchar(255) DEFAULT NULL,
  `City` varchar(100) DEFAULT NULL,
  `Region` varchar(50) DEFAULT NULL,
  `PostalCode` varchar(20) DEFAULT NULL,
  `Country` varchar(50) DEFAULT NULL,
  `Phone` varchar(50) DEFAULT NULL,
  `Fax` varchar(50) DEFAULT NULL,
  `HomePage` varchar(255) DEFAULT NULL,
  `CreatedAt` timestamp NOT NULL DEFAULT current_timestamp(),
  `UpdatedAt` timestamp NOT NULL DEFAULT current_timestamp() ON UPDATE current_timestamp(),
  PRIMARY KEY (`SupplierID`)
) ENGINE=InnoDB AUTO_INCREMENT=101 DEFAULT CHARSET=utf8mb4 COLLATE=utf8mb4_general_ci;
/*!40101 SET character_set_client = @saved_cs_client */;

--
-- Dumping data for table `suppliers`
--

LOCK TABLES `suppliers` WRITE;
/*!40000 ALTER TABLE `suppliers` DISABLE KEYS */;
INSERT INTO `suppliers` VALUES (1,'Reed PLC','Aaron Hubbard','Retail manager','3495 Ewing Throughway Apt. 986\nPort Margaretborough, OK 10784','New Connieburgh','Alaska','34394','Equatorial Guinea','001-319-667-1044x547','332-397-5250x39039','http://www.gutierrez.com/','2024-07-22 03:10:12','2024-07-22 03:10:12'),(2,'Hill Ltd','Kimberly Morrow','Commercial art gallery manager','073 Carlson Throughway\nSouth Marymouth, CT 49724','Port Ashleyburgh','New Hampshire','24439','Lebanon','(267)310-1706','364.711.9781x9409','https://lee.com/','2024-07-22 03:10:12','2024-07-22 03:10:12'),(3,'Joseph LLC','Adam Jackson','Television camera operator','7590 Davis Cove\nNew Ariel, NE 07776','Goodmanview','Rhode Island','56878','Anguilla','982-946-9682','800.934.4967x68603','http://www.gill.info/','2024-07-22 03:10:12','2024-07-22 03:10:12'),(4,'Phillips Group','Catherine Ho','Secretary/administrator','USS Hampton\nFPO AP 56611','North Bethview','Wyoming','80622','United Arab Emirates','494.438.0754x142','001-704-497-3259x533','https://www.beard.com/','2024-07-22 03:10:12','2024-07-22 03:10:12'),(5,'Mcclain LLC','Christina Smith','Theatre stage manager','76617 Robert Prairie Suite 580\nHuberview, DC 09125','East Heatherchester','Virginia','01582','Falkland Islands (Malvinas)','881-463-3881x7433','+1-625-893-0925','https://chandler-harris.com/','2024-07-22 03:10:12','2024-07-22 03:10:12'),(6,'Johnson-Hernandez','John Knox','Clinical biochemist','138 Mark Camp\nEast Stevenburgh, LA 90148','East Carla','Ohio','22950','Central African Republic','671-546-5924','481-289-1931x7034','https://hatfield.info/','2024-07-22 03:10:12','2024-07-22 03:10:12'),(7,'Moore, Tucker and Wallace','Derrick Owens','Scientist, product/process development','5332 Rebekah Drives\nRowlandville, LA 62164','West Jamesberg','Virginia','01318','Kazakhstan','001-353-838-6831x339','3062907130','http://www.terry.com/','2024-07-22 03:10:12','2024-07-22 03:10:12'),(8,'Arroyo Ltd','Joshua Frey','Land/geomatics surveyor','89627 Stacy Causeway Suite 058\nMaldonadoport, OR 12325','Greenton','Missouri','06743','Puerto Rico','758.556.6192x5016','001-418-303-7254','http://contreras.info/','2024-07-22 03:10:12','2024-07-22 03:10:12'),(9,'Wright, Morales and Torres','John West','Counselling psychologist','59022 Rogers Canyon\nDanielborough, KS 05585','East Jacquelinemouth','Colorado','96715','Hong Kong','522.964.0103x25411','001-446-993-7730x173','https://padilla.org/','2024-07-22 03:10:12','2024-07-22 03:10:12'),(10,'Murphy-Turner','Deborah Mercado','Biochemist, clinical','02970 Nolan Cape Apt. 631\nLinstad, MP 70249','Aprilfort','Arizona','71330','Finland','001-351-310-7782','001-664-970-6229x69153','http://www.howard-williams.info/','2024-07-22 03:10:12','2024-07-22 03:10:12'),(11,'Mendoza LLC','Scott Scott','Engineer, production','Unit 5784 Box 3540\nDPO AA 27522','Angelastad','Minnesota','87142','Bahrain','(369)657-7432','9386432659','https://fitzpatrick.biz/','2024-07-22 03:10:12','2024-07-22 03:10:12'),(12,'Brown PLC','Jamie Nguyen','Architect','67141 Mccall Ranch\nBrownview, NV 08781','Johnport','Virginia','70415','Moldova','685.270.4893','+1-989-853-0610x36262','http://www.harris.com/','2024-07-22 03:10:12','2024-07-22 03:10:12'),(13,'Taylor PLC','Brenda Wall','Theatre director','799 Ellis Streets\nSouth Carlos, MP 50622','East Chrisview','Idaho','27090','Libyan Arab Jamahiriya','001-493-743-9564','001-323-668-5998','https://fox.info/','2024-07-22 03:10:12','2024-07-22 03:10:12'),(14,'Harding PLC','William Hernandez','Administrator','22640 Willis Locks Suite 975\nKevinstad, ND 55484','North Lance','Arizona','74243','Singapore','001-807-688-0492x70626','878-828-2883x90133','https://tate.org/','2024-07-22 03:10:12','2024-07-22 03:10:12'),(15,'Adams, Arnold and Zuniga','Michael Thornton','Training and development officer','814 Kimberly Locks\nWest Emilybury, MT 47453','Johnsonview','Minnesota','52232','Morocco','962.216.3847x085','937.796.1514x334','https://www.simmons-gonzalez.biz/','2024-07-22 03:10:12','2024-07-22 03:10:12'),(16,'Adams, Jones and Roach','Lawrence Chavez','English as a foreign language teacher','2182 Tracey Crossing\nWolftown, MP 42184','Lake Amandaborough','Virginia','73964','Guam','(353)469-9299x6680','(314)808-3690x453','http://glenn.com/','2024-07-22 03:10:12','2024-07-22 03:10:12'),(17,'Hess, Gallagher and Hughes','Kimberly Dean','Geologist, engineering','22146 Hooper Parks Suite 612\nPort Terri, NJ 15078','Lake Katherineton','California','83499','Niue','(613)261-6235','594-309-0591','https://jackson-perez.com/','2024-07-22 03:10:12','2024-07-22 03:10:12'),(18,'Orozco, Cobb and Hall','Christina Weber','Hotel manager','9750 Paula Tunnel Apt. 058\nWilliamsmouth, NY 77837','New Samanthafurt','Wyoming','21217','Kiribati','(864)246-7029x95408','276-452-3932x1558','http://russell.org/','2024-07-22 03:10:12','2024-07-22 03:10:12'),(19,'Brewer, Smith and Moody','Anne Knox','Accommodation manager','0418 James Flat Apt. 467\nNew Rodneyborough, FL 80605','Mooreburgh','Alaska','15893','United States Minor Outlying Islands','476.316.6884','5963543983','https://myers.org/','2024-07-22 03:10:12','2024-07-22 03:10:12'),(20,'Sparks and Sons','Denise Ortega','Engineer, communications','96203 Michelle Mountain\nEast Barbaraland, IL 52490','Port James','Wyoming','48318','Rwanda','3939755636','742.643.2348x9505','https://www.walker.net/','2024-07-22 03:10:12','2024-07-22 03:10:12'),(21,'Byrd Group','Megan Jones','Therapist, art','9191 Graves Shoals\nNorth Laura, MP 12489','Hoffmanbury','Mississippi','93692','Switzerland','628-487-6422','001-966-537-4126x2998','http://www.bradshaw.com/','2024-07-22 03:10:12','2024-07-22 03:10:12'),(22,'Tate, Garcia and Francis','Samuel Hendricks','Engineering geologist','3055 Banks Harbor\nCoxport, MO 11781','Rhondamouth','Vermont','36129','Lithuania','001-317-473-7689x0141','(758)275-2106x6682','https://bautista.com/','2024-07-22 03:10:12','2024-07-22 03:10:12'),(23,'Butler Inc','Kenneth Walker','Air broker','70481 Elizabeth Lane\nWandaland, PW 50579','Wellsberg','Louisiana','30748','Holy See (Vatican City State)','(454)500-5837','570.896.9439x08996','https://www.johnson.info/','2024-07-22 03:10:12','2024-07-22 03:10:12'),(24,'Decker, Harris and Murphy','Michael Jones','Scientific laboratory technician','529 Delacruz Roads Suite 232\nDeannaside, UT 12990','West Josephburgh','New Hampshire','56862','Brunei Darussalam','491-301-4554x2213','696.615.1816','http://miranda.com/','2024-07-22 03:10:12','2024-07-22 03:10:12'),(25,'Green-Graves','Amanda Schmidt','Race relations officer','353 Sandra Rue Suite 475\nSmithmouth, OR 98278','Smithborough','California','10423','Taiwan','971.561.4174','001-200-309-5913','http://orozco.com/','2024-07-22 03:10:12','2024-07-22 03:10:12'),(26,'Rios-Stone','Lindsey Barnett','Engineer, aeronautical','646 Frost Common\nWest Christopherville, TN 39000','North Robertchester','Minnesota','67621','Malta','001-982-244-4086','591-320-4836','http://www.smith.com/','2024-07-22 03:10:12','2024-07-22 03:10:12'),(27,'Acosta-Maddox','Nancy Peterson','Engineer, petroleum','932 Clark Freeway Apt. 687\nWest Elizabeth, DE 89273','West Heather','Rhode Island','90399','Tanzania','780.792.9906','710-911-7170x50469','https://kim.net/','2024-07-22 03:10:12','2024-07-22 03:10:12'),(28,'Campbell-Ramos','Nicole Price','Energy engineer','46099 Cannon Brooks Apt. 864\nNew Feliciastad, KY 96955','Lauraton','Texas','70480','Tunisia','001-758-450-6400x5623','001-859-877-8623x578','https://www.jones.com/','2024-07-22 03:10:12','2024-07-22 03:10:12'),(29,'Lloyd-Knapp','John Pierce','Health promotion specialist','93326 Ruiz Motorway\nPort Kevin, PR 62097','South Stephenborough','Nebraska','50124','Cook Islands','346-524-6039x10453','001-257-794-0684x3363','http://www.brooks-garza.info/','2024-07-22 03:10:12','2024-07-22 03:10:12'),(30,'Brooks Group','Thomas Lara','Soil scientist','13273 Schroeder Ways Suite 034\nSimsview, CO 30802','Port Joeborough','Kansas','95179','Qatar','(592)558-2283x72294','+1-870-588-5934x2041','http://rivera.com/','2024-07-22 03:10:12','2024-07-22 03:10:12'),(31,'Barker, Kim and Taylor','Emily Maldonado','Network engineer','Unit 8189 Box 0255\nDPO AE 41824','Brendaberg','Wyoming','83663','Gabon','001-946-524-7246x09448','655.563.8523','http://sims.com/','2024-07-22 03:10:12','2024-07-22 03:10:12'),(32,'Dunn Group','Robin Mosley','Teaching laboratory technician','9406 Wilcox Roads Apt. 518\nPort Nathan, AR 74214','South Elaine','South Dakota','41546','Djibouti','001-331-359-0676','535.917.4756x735','https://www.blair.biz/','2024-07-22 03:10:12','2024-07-22 03:10:12'),(33,'Carson-Holt','Laura Knapp','Scientist, research (maths)','923 Johnson Gateway\nHenryside, AR 61719','Port Matthew','New York','44740','Cocos (Keeling) Islands','759.355.8654x592','+1-905-763-1338','https://www.fleming.com/','2024-07-22 03:10:12','2024-07-22 03:10:12'),(34,'Jenkins-Maxwell','Michael Hernandez','Engineer, mining','85524 Buchanan Mountains\nNew Bradleyland, AS 22273','Port Robertton','North Carolina','05249','Haiti','001-463-625-2998x6843','(674)620-0563x26557','http://burke.org/','2024-07-22 03:10:12','2024-07-22 03:10:12'),(35,'Fitzgerald, Sims and Hopkins','Stephen Davis','Social worker','836 Roach Cliff\nNorth Joe, IA 09581','Jonathanbury','Virginia','82277','Western Sahara','597.446.8509x831','001-341-298-8857x929','https://www.george.com/','2024-07-22 03:10:12','2024-07-22 03:10:12'),(36,'Larsen-Hawkins','Carrie Jones','Publishing rights manager','668 Benjamin Estate\nMichaelside, GA 88517','West Lauraborough','New York','74024','Sierra Leone','9622962498','+1-784-213-4781','https://www.pitts-anderson.info/','2024-07-22 03:10:12','2024-07-22 03:10:12'),(37,'Smith and Sons','Crystal Brown','Ophthalmologist','59384 Christopher Ridge\nScottmouth, VI 48994','Tonyaview','Illinois','85547','Latvia','926-305-2485x7404','229-956-0950','https://www.rios.com/','2024-07-22 03:10:12','2024-07-22 03:10:12'),(38,'Kerr, Thomas and Richards','Steven Velez','Public house manager','9433 Davis Avenue Apt. 151\nJeffreyland, MN 56352','Piercetown','Wisconsin','33841','Ireland','(407)898-0739x48139','685.609.1443x600','http://www.cross.com/','2024-07-22 03:10:12','2024-07-22 03:10:12'),(39,'Torres-Garcia','Beth Franklin','Information systems manager','87071 Reyes Trace Apt. 002\nNorth Dalton, GA 61864','Douglasfort','Kansas','74604','Belize','299-601-8539','+1-583-719-6248x47639','http://clark.com/','2024-07-22 03:10:12','2024-07-22 03:10:12'),(40,'Harris-Short','Zachary Hayes','Colour technologist','PSC 1810, Box 6932\nAPO AA 58118','Roberttown','Oklahoma','73230','Mongolia','557-445-1675x00990','876-928-1468x4161','http://www.bullock.com/','2024-07-22 03:10:12','2024-07-22 03:10:12'),(41,'Macias, Kelly and Weeks','Jon Bennett','Community development worker','072 Jonathan Loaf\nPort Kelli, PW 87301','Lake Sean','Wyoming','05550','Israel','567.433.4910x862','939-418-8987','https://lane-valencia.com/','2024-07-22 03:10:12','2024-07-22 03:10:12'),(42,'French-Griffin','Paula Morgan','Presenter, broadcasting','25865 Emily Falls\nPort Michelle, KS 65667','Melodyland','Hawaii','06691','Mali','+1-614-564-9120x6369','+1-726-210-5780x85365','https://carney.com/','2024-07-22 03:10:12','2024-07-22 03:10:12'),(43,'Luna, Black and Harris','Jon Jenkins','Applications developer','255 Anna Roads Apt. 959\nNorth Davidside, WV 03560','Rogerfurt','West Virginia','39290','Lesotho','389-359-3108x329','(204)508-8836x7776','http://galvan.info/','2024-07-22 03:10:12','2024-07-22 03:10:12'),(44,'Moore, Cunningham and Rogers','Tamara Hughes','Operational investment banker','078 Knox Underpass\nSchultztown, AZ 52251','West Stevenmouth','Montana','38819','Dominica','(732)206-2044','731-567-3613x677','https://kim-matthews.biz/','2024-07-22 03:10:12','2024-07-22 03:10:12'),(45,'Brown Inc','Charles Carroll','Psychologist, educational','95141 Walker Park Suite 409\nHartmouth, ND 53360','West Jonathan','Wisconsin','25394','French Polynesia','001-377-634-9465x3215','(804)890-8388x897','https://www.hughes.com/','2024-07-22 03:10:12','2024-07-22 03:10:12'),(46,'Moran PLC','Samuel Bryant','Engineer, mining','960 Melissa Course\nWest Brentborough, KY 70830','North Robert','South Dakota','69529','French Guiana','807.655.0994','251.768.9019x1928','https://cox-allen.com/','2024-07-22 03:10:12','2024-07-22 03:10:12'),(47,'Barron LLC','Angel Evans','Advertising account executive','98353 Andrew Street\nCollinsborough, GA 95063','Matthewburgh','Nebraska','74624','Comoros','451.201.7876','451.210.8261','http://www.scott.com/','2024-07-22 03:10:12','2024-07-22 03:10:12'),(48,'Smith, Rodriguez and Moore','Derek Mitchell','Economist','251 Anthony Islands\nSouth Danielle, FM 83589','Joyceburgh','Michigan','84988','Japan','236.472.5126','303-690-7913x3612','http://murray.com/','2024-07-22 03:10:12','2024-07-22 03:10:12'),(49,'Harmon, Lawrence and Phillips','Cheryl Hopkins','Public librarian','61387 Carlson Via\nWest Samanthaport, FM 57467','Port Jennifer','Maine','02248','Iceland','207-661-3953x3782','(937)806-5128','https://hernandez.com/','2024-07-22 03:10:12','2024-07-22 03:10:12'),(50,'Jackson PLC','Ashley King','Actuary','2411 Elliott Walks Apt. 584\nLake Elizabethmouth, PR 80193','Port Tanya','New Mexico','22360','Jersey','001-694-678-1764x4192','836-899-7502x1013','https://golden.com/','2024-07-22 03:10:12','2024-07-22 03:10:12'),(51,'Booker, Wilson and Terrell','Nathan Reynolds','Community education officer','USCGC Miles\nFPO AA 81883','Codyport','Idaho','86729','French Southern Territories','(869)376-3986x902','(948)319-0158x58536','http://thomas.com/','2024-07-22 03:10:12','2024-07-22 03:10:12'),(52,'Fisher Ltd','Donald Steele','Broadcast journalist','839 Skinner Bridge\nNew Mary, MN 39675','South Johnshire','Arkansas','88925','Mayotte','001-840-475-6196','341.735.4195','https://www.macdonald.com/','2024-07-22 03:10:12','2024-07-22 03:10:12'),(53,'Smith-Roberts','Donna Russell','Scientist, research (physical sciences)','006 Natasha Village Suite 142\nNew Larrybury, HI 34079','Smithport','Maryland','95979','Mexico','001-399-553-8546x833','(621)790-4212x1084','https://www.brown-hale.org/','2024-07-22 03:10:12','2024-07-22 03:10:12'),(54,'Hopkins-Miller','Tiffany Davis','Designer, exhibition/display','160 Bryan Cove\nNorth Jonathan, SC 86722','North Monica','California','77832','Mauritius','+1-247-679-2990x445','(829)876-6925','http://moore.net/','2024-07-22 03:10:12','2024-07-22 03:10:12'),(55,'Torres-Reyes','Victoria Cordova','Database administrator','9425 Kennedy Parkway Suite 220\nWest Brittany, PA 07778','Ryanmouth','Hawaii','79963','New Caledonia','(483)274-4240','(756)962-9729x03942','http://www.bowen.com/','2024-07-22 03:10:12','2024-07-22 03:10:12'),(56,'Phillips PLC','Danny Miller','Horticultural therapist','12612 Reed Ways Suite 018\nNew Theresaton, MH 02044','Tylerburgh','Rhode Island','93552','Rwanda','001-395-359-8566x6942','858-720-9798','http://blair.com/','2024-07-22 03:10:12','2024-07-22 03:10:12'),(57,'Soto, Bell and Cross','Diane Walker','Chief of Staff','906 Frost Mill Apt. 785\nSouth Calebborough, CA 42410','New Mark','Hawaii','71580','Morocco','(264)404-2368','(801)464-2452x9469','https://www.jordan.com/','2024-07-22 03:10:12','2024-07-22 03:10:12'),(58,'Walker and Sons','James Hanson','Psychologist, sport and exercise','803 Martinez Curve\nSouth Reginaland, AK 29007','North Jasonfort','Nebraska','68189','Aruba','001-311-751-4910x6907','7509487417','http://clements.info/','2024-07-22 03:10:12','2024-07-22 03:10:12'),(59,'Miller Group','Daniel Warner','Jewellery designer','83645 Williams Mill\nSouth Sean, ID 89398','East Sara','Colorado','03713','Korea','8465579312','474-663-8589x72042','https://taylor.org/','2024-07-22 03:10:12','2024-07-22 03:10:12'),(60,'Hall, Gill and Wilson','Vicki Smith','Associate Professor','6677 Morgan Lock\nNorth Jose, LA 49533','Katrinachester','Mississippi','78170','Montenegro','541.816.5527','784.650.5579x32294','https://wells-page.com/','2024-07-22 03:10:12','2024-07-22 03:10:12'),(61,'Brown, Miller and Swanson','Kyle Huff','Psychotherapist','92135 Mary Prairie Apt. 834\nGavinborough, NY 07286','New James','Texas','73114','Mongolia','001-661-360-5389','(466)575-3601','https://gibson-johnson.com/','2024-07-22 03:10:12','2024-07-22 03:10:12'),(62,'Mccullough-Hall','Jacob Holmes','Occupational therapist','42564 Wright Way\nHullmouth, OK 05690','South Ryanview','New York','11130','Argentina','(439)696-3273','601-720-6537x36801','http://www.brown.biz/','2024-07-22 03:10:12','2024-07-22 03:10:12'),(63,'Larson, Adams and Walls','Lauren Meyer','Geochemist','57628 Kristi Fords\nEast William, MH 66114','Ellismouth','Rhode Island','65115','Sierra Leone','6338840425','426.546.6873','https://www.dean.biz/','2024-07-22 03:10:12','2024-07-22 03:10:12'),(64,'Schmidt-Hardy','Jonathan Hawkins','Purchasing manager','097 Samuel Isle\nNathanland, VI 83586','Johnsonhaven','Oklahoma','69917','Costa Rica','311.703.4870x62138','673-865-3850x49756','http://hale.com/','2024-07-22 03:10:12','2024-07-22 03:10:12'),(65,'Browning, Ward and Johnson','Angela Garrett','Administrator, Civil Service','1528 Rachel Port Suite 043\nNew Logantown, WA 04363','Lake Michaelburgh','Virginia','16500','Nauru','465-220-6647x134','522.359.4912x7727','http://vargas-frazier.com/','2024-07-22 03:10:12','2024-07-22 03:10:12'),(66,'Shepard, Edwards and Stevens','Michael Schmitt','Designer, textile','559 Aimee Estates Suite 303\nKrystalfort, NY 90828','Sawyershire','Wyoming','48540','India','489-558-2214x23862','6965411265','http://www.martinez-crane.com/','2024-07-22 03:10:12','2024-07-22 03:10:12'),(67,'Williams, Mccarthy and Glenn','Luke Huffman','Electronics engineer','180 Johnson Club\nSouth Randymouth, PW 53158','Amandahaven','South Carolina','00939','Puerto Rico','(549)265-8742x33787','703-290-5543x969','https://sandoval-perez.com/','2024-07-22 03:10:12','2024-07-22 03:10:12'),(68,'Nielsen Ltd','Mark Johnson','Designer, multimedia','617 Lopez Corners\nSouth Stephenfort, MI 40294','West Sarah','Indiana','67720','Cyprus','001-316-849-3972x401','001-974-457-8714x86437','http://www.schaefer.com/','2024-07-22 03:10:12','2024-07-22 03:10:12'),(69,'Chandler-Pope','Elizabeth Mcpherson','Environmental consultant','592 Grant Garden Apt. 683\nGentryberg, NV 97094','Gonzalezview','New Jersey','55226','Malaysia','691.392.0507','(242)703-5573x07363','https://schneider.org/','2024-07-22 03:10:12','2024-07-22 03:10:12'),(70,'Oneill-Mccormick','Rita Mitchell','Industrial/product designer','USNS Conner\nFPO AA 41776','South Ginastad','Arizona','99248','Palestinian Territory','+1-398-276-4656x759','001-712-524-5734x385','http://www.taylor.info/','2024-07-22 03:10:12','2024-07-22 03:10:12'),(71,'Drake, Stone and Wang','Kimberly Nichols','Animal nutritionist','48723 Berry Island Apt. 965\nSnyderchester, PW 10384','South Brian','North Carolina','30566','Afghanistan','+1-334-292-5908x153','+1-526-437-3051','http://banks.org/','2024-07-22 03:10:12','2024-07-22 03:10:12'),(72,'Rich-Wolf','Jeffrey Collier Jr.','Hospital doctor','2749 Williams Ports Suite 413\nPort Jocelynton, MD 45643','Lake Amanda','Rhode Island','47244','Portugal','(999)479-9644x10423','8859777775','https://www.graham-collins.com/','2024-07-22 03:10:12','2024-07-22 03:10:12'),(73,'Thompson and Sons','Sarah Gilbert','Diplomatic Services operational officer','211 Cheryl Dam\nMillertown, OK 59047','East Kathryn','Wyoming','80432','Malaysia','+1-902-377-3623x30657','931.803.7245x5225','http://www.choi.com/','2024-07-22 03:10:12','2024-07-22 03:10:12'),(74,'Robinson, King and Johnson','Matthew Hernandez DDS','Cartographer','474 Kristi Manors\nLaurenborough, FL 63202','East Vanessachester','Colorado','49280','Egypt','(234)811-0572','809-567-3690x8032','http://www.ashley.com/','2024-07-22 03:10:12','2024-07-22 03:10:12'),(75,'Kelley and Sons','Rebecca Santana','Arboriculturist','6527 Moore Plain Suite 139\nHoldenmouth, DE 30175','East Mark','Arizona','83051','Sri Lanka','(554)528-0492x709','+1-812-678-6281x551','http://www.castillo-henderson.net/','2024-07-22 03:10:12','2024-07-22 03:10:12'),(76,'Chang, Medina and Sosa','Ms. Leslie Jones','Psychotherapist','5888 White Oval\nLake Cassandra, AS 20723','Mindyborough','Vermont','09281','Brazil','001-956-718-7961x825','001-644-484-7884','http://www.smith.com/','2024-07-22 03:10:12','2024-07-22 03:10:12'),(77,'Reynolds Ltd','Jason Garcia','Phytotherapist','PSC 2999, Box 8762\nAPO AP 33527','East Belindaberg','Indiana','92548','South Georgia and the South Sandwich Islands','+1-358-398-7185','+1-273-328-6017x383','http://cox-bryant.com/','2024-07-22 03:10:12','2024-07-22 03:10:12'),(78,'Cox, Cobb and Gill','Katelyn Daniel','Chief of Staff','289 Villarreal Street Apt. 237\nKellyberg, NH 80188','Amyshire','Oklahoma','29192','Estonia','(328)627-7499x01143','381-882-4913','https://www.ramos-lopez.biz/','2024-07-22 03:10:12','2024-07-22 03:10:12'),(79,'Carr-Munoz','Nicole Turner','Clinical cytogeneticist','312 Johnson Lights\nWyattmouth, MT 61562','East Stacystad','Illinois','43476','Korea','564.312.5741','001-808-337-8116','http://gregory.com/','2024-07-22 03:10:12','2024-07-22 03:10:12'),(80,'Poole Ltd','Kimberly Ryan','Engineer, building services','9383 Jennifer Plains\nEast Sarahville, TN 68989','Port Amanda','New York','91123','Zambia','284.440.2230','001-304-254-7768x3864','http://www.reynolds-nguyen.com/','2024-07-22 03:10:12','2024-07-22 03:10:12'),(81,'Rivera-Wells','Mr. Adam Travis','Retail merchandiser','644 Brewer Crest\nEast William, WA 61794','Adamville','North Dakota','30370','Italy','917-452-0158x0143','+1-583-639-2307x33580','https://hall.net/','2024-07-22 03:10:12','2024-07-22 03:10:12'),(82,'Johnston Group','Kevin Williams','Magazine features editor','Unit 5891 Box 5518\nDPO AP 62295','Moorechester','Washington','20570','Jordan','+1-822-661-4911x84086','340.598.1123x98282','https://cooley.com/','2024-07-22 03:10:12','2024-07-22 03:10:12'),(83,'Gardner and Sons','Maurice Greene','Surveyor, land/geomatics','Unit 4864 Box 6014\nDPO AA 96649','New Tiffanyfort','Massachusetts','71682','Nauru','+1-630-291-3848x02405','+1-971-536-0656','http://martinez.com/','2024-07-22 03:10:12','2024-07-22 03:10:12'),(84,'Mills LLC','Pamela Smith','Optometrist','1920 Erin Row Suite 390\nLake Michaelport, IN 42352','New Matthew','Minnesota','27321','Australia','001-287-980-4110','+1-283-324-7544x3434','https://todd.com/','2024-07-22 03:10:12','2024-07-22 03:10:12'),(85,'Mcpherson-Jones','Michael Sherman','Barrister\'s clerk','44860 Daniel Streets\nJenniferville, AK 40947','Guzmantown','Wyoming','77213','Netherlands','973-539-3444','361-566-3939x9661','https://www.stokes.com/','2024-07-22 03:10:12','2024-07-22 03:10:12'),(86,'Gutierrez, Marshall and Dennis','Anne Hutchinson','Financial trader','343 Tyler Fort\nPort Kevin, GU 75235','Annettestad','Idaho','87049','Portugal','609.683.9775x6305','(241)547-6262x33986','http://www.james.com/','2024-07-22 03:10:12','2024-07-22 03:10:12'),(87,'Maldonado and Sons','Donald Simon','Chartered loss adjuster','2973 Powers Estate\nTaylormouth, NV 70163','Jasonhaven','Utah','85939','Bhutan','(565)457-9782x432','371.568.2976','https://howell.info/','2024-07-22 03:10:12','2024-07-22 03:10:12'),(88,'Rios, Woodard and Calderon','Christopher Brown','Clinical biochemist','320 Kelly Road\nEast Maureen, MT 03022','Shawnbury','Virginia','31364','Iceland','398.591.2819x218','3486583746','https://www.gordon.com/','2024-07-22 03:10:12','2024-07-22 03:10:12'),(89,'Andrews Group','Trevor Ward','Psychologist, forensic','885 Stewart Coves Apt. 247\nPort Cindyton, DC 80372','East Jamesfort','Virginia','12579','Mayotte','+1-527-635-8462x7418','388.816.9262x6151','https://goodman.com/','2024-07-22 03:10:12','2024-07-22 03:10:12'),(90,'Costa, Zamora and Coleman','Wanda Jones','Estate manager/land agent','5012 Mosley Ford\nNew Jennifer, WI 55771','New Gregoryburgh','Kansas','08478','Gambia','869.905.1198x73590','403.603.0675x8488','https://jensen-hanson.com/','2024-07-22 03:10:12','2024-07-22 03:10:12'),(91,'Taylor, Smith and Romero','Sheryl Young','Advice worker','21570 Allison Roads Suite 294\nNorth Madeline, MI 80462','Hardychester','Vermont','75237','Malaysia','001-551-877-7225x2612','+1-450-968-0710x3612','https://www.gallegos.com/','2024-07-22 03:10:12','2024-07-22 03:10:12'),(92,'Wells, Henderson and Allen','John Rodgers','Engineer, biomedical','9232 Kenneth Flats\nBrownton, SC 52294','North Carrieshire','Hawaii','06915','Kuwait','+1-657-524-2908x1737','(942)756-8852','https://www.andrews.org/','2024-07-22 03:10:12','2024-07-22 03:10:12'),(93,'Robbins LLC','Elizabeth Evans','Education officer, environmental','5830 Herrera Causeway\nDakotaberg, MH 28827','Delacruzland','Alabama','76439','Ethiopia','9239206506','967-589-1618x747','http://johnston.com/','2024-07-22 03:10:12','2024-07-22 03:10:12'),(94,'Hudson, Evans and Johnson','Sarah Wagner','Field trials officer','9004 Kristen Trafficway\nWest Erintown, AK 68682','Rachelfurt','New Mexico','56011','Mozambique','+1-720-495-9022x89044','(671)993-2153','http://www.carroll-adams.com/','2024-07-22 03:10:12','2024-07-22 03:10:12'),(95,'Campbell, Roberts and Palmer','Taylor Horn','Multimedia programmer','67467 Katie Ville\nSouth Rachelville, TN 72376','Amandafort','New York','88754','Saint Pierre and Miquelon','892-777-7305x621','001-939-303-2713x3439','http://howard.com/','2024-07-22 03:10:12','2024-07-22 03:10:12'),(96,'Walker, Hobbs and Sullivan','Johnny Mathews','Scientist, product/process development','4536 Brown Fork Apt. 987\nJosephmouth, OR 55549','Lake Annaport','Minnesota','71954','Macao','(337)744-6000x9392','+1-522-225-7994x6470','https://www.anderson.com/','2024-07-22 03:10:12','2024-07-22 03:10:12'),(97,'Armstrong, Johnson and Adams','Suzanne Kemp','Estate manager/land agent','31579 Boyd Village Suite 908\nMichaelville, NM 74767','Nashstad','Maine','53541','Hong Kong','626-369-4616x805','356.644.4448x15633','http://jones.com/','2024-07-22 03:10:12','2024-07-22 03:10:12'),(98,'Brewer-Lopez','Misty Conley','Telecommunications researcher','475 Perez Lake\nSpenceberg, SC 43460','Lake Ryanborough','Nevada','20723','Italy','+1-746-802-1428x29002','826-525-5028','https://www.williams.com/','2024-07-22 03:10:12','2024-07-22 03:10:12'),(99,'Dickson Inc','Patrick Adams','Secretary, company','272 Robert Ferry\nPort Cassidy, NM 93045','Lake Andreabury','Colorado','48287','Honduras','2433202194','401.414.0421x2259','http://www.gilbert-bell.com/','2024-07-22 03:10:12','2024-07-22 03:10:12'),(100,'Robinson Inc','Amy Smith','Herpetologist','6942 Katherine Plains\nEast Sara, RI 72931','Ellisstad','South Carolina','74069','Jersey','238.655.0849','001-374-917-1624x263','https://smith-thornton.com/','2024-07-22 03:10:12','2024-07-22 03:10:12');
/*!40000 ALTER TABLE `suppliers` ENABLE KEYS */;
UNLOCK TABLES;

--
-- Dumping routines for database 'ecommerceconceptbpo'
--
/*!40103 SET TIME_ZONE=@OLD_TIME_ZONE */;

/*!40101 SET SQL_MODE=@OLD_SQL_MODE */;
/*!40014 SET FOREIGN_KEY_CHECKS=@OLD_FOREIGN_KEY_CHECKS */;
/*!40014 SET UNIQUE_CHECKS=@OLD_UNIQUE_CHECKS */;
/*!40101 SET CHARACTER_SET_CLIENT=@OLD_CHARACTER_SET_CLIENT */;
/*!40101 SET CHARACTER_SET_RESULTS=@OLD_CHARACTER_SET_RESULTS */;
/*!40101 SET COLLATION_CONNECTION=@OLD_COLLATION_CONNECTION */;
/*!40111 SET SQL_NOTES=@OLD_SQL_NOTES */;

-- Dump completed on 2024-08-11 15:55:58
